2021,AFG,0.00000
2021,AGO,0.00000
2021,ALB,0.00000
2021,ARE,0.00000
2021,ARG,1.00000
2021,ARM,0.00000
2021,ATG,0.00000
2021,AUS,1.00000
2021,AUT,1.00000
2021,AZE,0.00000
2021,BDI,0.00000
2021,BEL,1.00000
2021,BEN,0.00000
2021,BFA,0.00000
2021,BGD,0.00000
2021,BGR,1.00000
2021,BHR,0.00000
2021,BHS,0.00000
2021,BIH,0.00000
2021,BLR,0.00000
2021,BLZ,0.00000
2021,BOL,0.00000
2021,BRA,0.00000
2021,BRB,0.00000
2021,BRN,0.00000
2021,BTN,0.00000
2021,BWA,0.00000
2021,CAF,0.00000
2021,CAN,1.00000
2021,CHE,1.00000
2021,CHL,1.00000
2021,CHN,1.00000
2021,CIV,0.00000
2021,CMR,0.00000
2021,COD,0.00000
2021,COG,0.00000
2021,COL,1.00000
2021,COM,0.00000
2021,CPV,0.00000
2021,CRI,0.00000
2021,CUB,0.00000
2021,CYP,1.00000
2021,CZE,1.00000
2021,DEU,1.00000
2021,DJI,0.00000
2021,DMA,0.00000
2021,DNK,1.00000
2021,DOM,0.00000
2021,DZA,0.00000
2021,ECU,0.00000
2021,EGY,0.00000
2021,ERI,0.00000
2021,ESP,1.00000
2021,EST,1.00000
2021,ETH,0.00000
2021,FIN,1.00000
2021,FJI,0.00000
2021,FRA,1.00000
2021,FSM,0.00000
2021,GAB,0.00000
2021,GBR,1.00000
2021,GEO,0.00000
2021,GHA,0.00000
2021,GIN,0.00000
2021,GMB,0.00000
2021,GNB,0.00000
2021,GNQ,0.00000
2021,GRC,1.00000
2021,GRD,0.00000
2021,GTM,0.00000
2021,GUY,0.00000
2021,HND,0.00000
2021,HRV,1.00000
2021,HTI,0.00000
2021,HUN,1.00000
2021,IDN,0.00000
2021,IND,0.00000
2021,IRL,1.00000
2021,IRN,0.00000
2021,IRQ,0.00000
2021,ISL,1.00000
2021,ISR,0.00000
2021,ITA,1.00000
2021,JAM,0.00000
2021,JOR,0.00000
2021,JPN,1.00000
2021,KAZ,1.00000
2021,KEN,0.00000
2021,KGZ,0.00000
2021,KHM,0.00000
2021,KIR,0.00000
2021,KNA,0.00000
2021,KOR,1.00000
2021,KOS,0.00000
2021,KWT,0.00000
2021,LAO,0.00000
2021,LBN,0.00000
2021,LBR,0.00000
2021,LBY,0.00000
2021,LCA,0.00000
2021,LKA,0.00000
2021,LSO,0.00000
2021,LTU,1.00000
2021,LUX,1.00000
2021,LVA,1.00000
2021,MAR,0.00000
2021,MDA,0.00000
2021,MDG,0.00000
2021,MDV,0.00000
2021,MEX,1.00000
2021,MHL,0.00000
2021,MKD,0.00000
2021,MLI,0.00000
2021,MLT,1.00000
2021,MMR,0.00000
2021,MNE,0.00000
2021,MNG,0.00000
2021,MOZ,0.00000
2021,MRT,0.00000
2021,MUS,0.00000
2021,MWI,0.00000
2021,MYS,0.00000
2021,NAM,0.00000
2021,NER,0.00000
2021,NGA,0.00000
2021,NIC,0.00000
2021,NLD,1.00000
2021,NOR,1.00000
2021,NPL,0.00000
2021,NZL,1.00000
2021,OMN,0.00000
2021,PAK,0.00000
2021,PAN,0.00000
2021,PER,0.00000
2021,PHL,0.00000
2021,PLW,0.00000
2021,PNG,0.00000
2021,POL,1.00000
2021,PRT,1.00000
2021,PRY,0.00000
2021,QAT,0.00000
2021,ROU,1.00000
2021,RUS,0.00000
2021,RWA,0.00000
2021,SAU,0.00000
2021,SDN,0.00000
2021,SEN,0.00000
2021,SGP,1.00000
2021,SLB,0.00000
2021,SLE,0.00000
2021,SLV,0.00000
2021,SMR,0.00000
2021,SOM,0.00000
2021,SRB,0.00000
2021,SSD,0.00000
2021,STP,0.00000
2021,SUR,0.00000
2021,SVK,1.00000
2021,SVN,1.00000
2021,SWE,1.00000
2021,SWZ,0.00000
2021,SYC,0.00000
2021,SYR,0.00000
2021,TCD,0.00000
2021,TGO,0.00000
2021,THA,0.00000
2021,TJK,0.00000
2021,TKM,0.00000
2021,TLS,0.00000
2021,TON,0.00000
2021,TTO,0.00000
2021,TUN,0.00000
2021,TUR,0.00000
2021,TUV,0.00000
2021,TZA,0.00000
2021,UGA,0.00000
2021,UKR,1.00000
2021,URY,0.00000
2021,USA,1.00000
2021,UZB,0.00000
2021,VCT,0.00000
2021,VNM,0.00000
2021,VUT,0.00000
2021,WSM,0.00000
2021,YEM,0.00000
2021,ZAF,1.00000
2021,ZMB,0.00000
2021,ZWE,0.00000
2022,AFG,0.00000
2022,AGO,0.00179
2022,ALB,0.06404
2022,ARE,0.01140
2022,ARG,0.00000
2022,ARM,0.02467
2022,ATG,0.00757
2022,AUS,0.00000
2022,AUT,0.00000
2022,AZE,0.00232
2022,BDI,0.00026
2022,BEL,0.00000
2022,BEN,0.00138
2022,BFA,0.00155
2022,BGD,0.04311
2022,BGR,0.00000
2022,BHR,0.01046
2022,BHS,0.00655
2022,BIH,0.03271
2022,BLR,0.01170
2022,BLZ,0.00292
2022,BOL,0.00392
2022,BRA,0.00086
2022,BRB,0.00674
2022,BRN,0.06092
2022,BTN,0.00701
2022,BWA,0.01628
2022,CAF,0.00039
2022,CAN,0.00000
2022,CHE,0.00000
2022,CHL,0.00000
2022,CHN,0.00000
2022,CIV,0.00287
2022,CMR,0.00050
2022,COD,0.00015
2022,COG,0.00055
2022,COL,0.00000
2022,COM,0.00140
2022,CPV,0.00668
2022,CRI,0.01932
2022,CUB,0.00120
2022,CYP,0.00000
2022,CZE,0.00000
2022,DEU,0.00000
2022,DJI,0.00133
2022,DMA,0.01056
2022,DNK,0.00000
2022,DOM,0.01136
2022,DZA,0.00137
2022,ECU,0.00374
2022,EGY,0.00554
2022,ERI,0.00005
2022,ESP,0.00000
2022,EST,0.00000
2022,ETH,0.00050
2022,FIN,0.00000
2022,FJI,0.00446
2022,FRA,0.00000
2022,FSM,0.00644
2022,GAB,0.00205
2022,GBR,0.00000
2022,GEO,0.11223
2022,GHA,0.00730
2022,GIN,0.00099
2022,GMB,0.00049
2022,GNB,0.00068
2022,GNQ,0.00049
2022,GRC,0.00000
2022,GRD,0.00259
2022,GTM,0.01225
2022,GUY,0.00346
2022,HND,0.00369
2022,HRV,0.00000
2022,HTI,0.00073
2022,HUN,0.00000
2022,IDN,0.00761
2022,IND,0.00704
2022,IRL,0.00000
2022,IRN,0.00118
2022,IRQ,0.00898
2022,ISL,0.00000
2022,ISR,0.00119
2022,ITA,0.00000
2022,JAM,0.01001
2022,JOR,0.00505
2022,JPN,0.00000
2022,KAZ,0.00000
2022,KEN,0.00306
2022,KGZ,0.00648
2022,KHM,0.00246
2022,KIR,0.00378
2022,KNA,0.00862
2022,KOR,0.00000
2022,KOS,0.02261
2022,KWT,0.02870
2022,LAO,0.00261
2022,LBN,0.01123
2022,LBR,0.00142
2022,LBY,0.00609
2022,LCA,0.00352
2022,LKA,0.00246
2022,LSO,0.00912
2022,LTU,0.00000
2022,LUX,0.00000
2022,LVA,0.00000
2022,MAR,0.00047
2022,MDA,0.04420
2022,MDG,0.00186
2022,MDV,0.00586
2022,MEX,0.00000
2022,MHL,0.00789
2022,MKD,0.10097
2022,MLI,0.00240
2022,MLT,0.00000
2022,MMR,0.00190
2022,MNE,0.06858
2022,MNG,0.04083
2022,MOZ,0.00202
2022,MRT,0.00161
2022,MUS,0.05058
2022,MWI,0.00050
2022,MYS,0.03853
2022,NAM,0.00969
2022,NER,0.00090
2022,NGA,0.10115
2022,NIC,0.00256
2022,NLD,0.00000
2022,NOR,0.00000
2022,NPL,0.00212
2022,NZL,0.00000
2022,OMN,0.01759
2022,PAK,0.00017
2022,PAN,0.36445
2022,PER,0.02381
2022,PHL,0.01038
2022,PLW,0.08965
2022,PNG,0.00399
2022,POL,0.00000
2022,PRT,0.00000
2022,PRY,0.02156
2022,QAT,0.00580
2022,ROU,0.00000
2022,RUS,0.03985
2022,RWA,0.00173
2022,SAU,0.01090
2022,SDN,0.00033
2022,SEN,0.00284
2022,SGP,0.00000
2022,SLB,0.00236
2022,SLE,0.00107
2022,SLV,0.00557
2022,SMR,0.31513
2022,SOM,0.00010
2022,SRB,0.15107
2022,SSD,0.00073
2022,STP,0.00155
2022,SUR,0.01012
2022,SVK,0.00000
2022,SVN,0.00000
2022,SWE,0.00000
2022,SWZ,0.00169
2022,SYC,0.01110
2022,SYR,0.00023
2022,TCD,0.00057
2022,TGO,0.00057
2022,THA,0.00014
2022,TJK,0.00086
2022,TKM,0.00083
2022,TLS,0.00859
2022,TON,0.00627
2022,TTO,0.01163
2022,TUN,0.01402
2022,TUR,0.04190
2022,TUV,0.00411
2022,TZA,0.00108
2022,UGA,0.00103
2022,UKR,0.00000
2022,URY,0.03798
2022,USA,0.00000
2022,UZB,0.00179
2022,VCT,0.00294
2022,VNM,0.00026
2022,VUT,0.00708
2022,WSM,0.00590
2022,YEM,0.00040
2022,ZAF,0.00000
2022,ZMB,0.00196
2022,ZWE,0.00020
2023,AFG,0.00000
2023,AGO,0.00213
2023,ALB,0.06618
2023,ARE,0.01374
2023,ARG,0.00000
2023,ARM,0.02737
2023,ATG,0.01032
2023,AUS,0.00000
2023,AUT,0.00000
2023,AZE,0.00266
2023,BDI,0.00024
2023,BEL,0.00000
2023,BEN,0.00128
2023,BFA,0.00208
2023,BGD,0.04431
2023,BGR,0.00000
2023,BHR,0.01210
2023,BHS,0.00778
2023,BIH,0.03371
2023,BLR,0.01232
2023,BLZ,0.00360
2023,BOL,0.00352
2023,BRA,0.00114
2023,BRB,0.00778
2023,BRN,0.06311
2023,BTN,0.00818
2023,BWA,0.01758
2023,CAF,0.00023
2023,CAN,0.00000
2023,CHE,0.00000
2023,CHL,0.00000
2023,CHN,0.00000
2023,CIV,0.00344
2023,CMR,0.00062
2023,COD,0.00016
2023,COG,0.00045
2023,COL,0.00000
2023,COM,0.00135
2023,CPV,0.00689
2023,CRI,0.02455
2023,CUB,0.00121
2023,CYP,0.00000
2023,CZE,0.00000
2023,DEU,0.00000
2023,DJI,0.00161
2023,DMA,0.01259
2023,DNK,0.00000
2023,DOM,0.01214
2023,DZA,0.00149
2023,ECU,0.00463
2023,EGY,0.00582
2023,ERI,0.00004
2023,ESP,0.00000
2023,EST,0.00000
2023,ETH,0.00083
2023,FIN,0.00000
2023,FJI,0.00483
2023,FRA,0.00000
2023,FSM,0.00677
2023,GAB,0.00249
2023,GBR,0.00000
2023,GEO,0.10690
2023,GHA,0.00862
2023,GIN,0.00082
2023,GMB,0.00056
2023,GNB,0.00082
2023,GNQ,0.00038
2023,GRC,0.00000
2023,GRD,0.00305
2023,GTM,0.01427
2023,GUY,0.00408
2023,HND,0.00423
2023,HRV,0.00000
2023,HTI,0.00070
2023,HUN,0.00000
2023,IDN,0.00801
2023,IND,0.00689
2023,IRL,0.00000
2023,IRN,0.00137
2023,IRQ,0.00983
2023,ISL,0.00000
2023,ISR,0.00124
2023,ITA,0.00000
2023,JAM,0.01162
2023,JOR,0.00560
2023,JPN,0.00000
2023,KAZ,0.00000
2023,KEN,0.00315
2023,KGZ,0.00636
2023,KHM,0.00230
2023,KIR,0.00379
2023,KNA,0.01067
2023,KOR,0.00000
2023,KOS,0.02485
2023,KWT,0.03034
2023,LAO,0.00284
2023,LBN,0.01120
2023,LBR,0.00158
2023,LBY,0.00626
2023,LCA,0.00430
2023,LKA,0.00301
2023,LSO,0.00910
2023,LTU,0.00000
2023,LUX,0.00000
2023,LVA,0.00000
2023,MAR,0.00059
2023,MDA,0.04363
2023,MDG,0.00204
2023,MDV,0.00657
2023,MEX,0.00000
2023,MHL,0.00871
2023,MKD,0.09615
2023,MLI,0.00245
2023,MLT,0.00000
2023,MMR,0.00220
2023,MNE,0.06885
2023,MNG,0.04195
2023,MOZ,0.00216
2023,MRT,0.00164
2023,MUS,0.04953
2023,MWI,0.00073
2023,MYS,0.03868
2023,NAM,0.01008
2023,NER,0.00089
2023,NGA,0.09786
2023,NIC,0.00315
2023,NLD,0.00000
2023,NOR,0.00000
2023,NPL,0.00220
2023,NZL,0.00000
2023,OMN,0.01927
2023,PAK,0.00017
2023,PAN,0.24542
2023,PER,0.02516
2023,PHL,0.01125
2023,PLW,0.08696
2023,PNG,0.00432
2023,POL,0.00000
2023,PRT,0.00000
2023,PRY,0.02278
2023,QAT,0.00721
2023,ROU,0.00000
2023,RUS,0.04002
2023,RWA,0.00167
2023,SAU,0.01198
2023,SDN,0.00051
2023,SEN,0.00335
2023,SGP,0.00000
2023,SLB,0.00243
2023,SLE,0.00117
2023,SLV,0.00733
2023,SMR,0.22093
2023,SOM,0.00007
2023,SRB,0.13330
2023,SSD,0.00060
2023,STP,0.00155
2023,SUR,0.01074
2023,SVK,0.00000
2023,SVN,0.00000
2023,SWE,0.00000
2023,SWZ,0.00193
2023,SYC,0.01221
2023,SYR,0.00022
2023,TCD,0.00078
2023,TGO,0.00061
2023,THA,0.00020
2023,TJK,0.00103
2023,TKM,0.00059
2023,TLS,0.00946
2023,TON,0.00640
2023,TTO,0.01325
2023,TUN,0.01497
2023,TUR,0.04122
2023,TUV,0.00440
2023,TZA,0.00135
2023,UGA,0.00087
2023,UKR,0.00000
2023,URY,0.04031
2023,USA,0.00000
2023,UZB,0.00182
2023,VCT,0.00364
2023,VNM,0.00019
2023,VUT,0.00729
2023,WSM,0.00561
2023,YEM,0.00040
2023,ZAF,0.00000
2023,ZMB,0.00248
2023,ZWE,0.00030
2024,AFG,0.00000
2024,AGO,0.00221
2024,ALB,0.06574
2024,ARE,0.01407
2024,ARG,0.00000
2024,ARM,0.02943
2024,ATG,0.01159
2024,AUS,0.00000
2024,AUT,0.00000
2024,AZE,0.00251
2024,BDI,0.00036
2024,BEL,0.00000
2024,BEN,0.00152
2024,BFA,0.00204
2024,BGD,0.04526
2024,BGR,0.00000
2024,BHR,0.01271
2024,BHS,0.00852
2024,BIH,0.03427
2024,BLR,0.01259
2024,BLZ,0.00391
2024,BOL,0.00427
2024,BRA,0.00104
2024,BRB,0.00922
2024,BRN,0.06189
2024,BTN,0.00878
2024,BWA,0.01873
2024,CAF,0.00034
2024,CAN,0.00000
2024,CHE,0.00000
2024,CHL,0.00000
2024,CHN,0.00000
2024,CIV,0.00330
2024,CMR,0.00070
2024,COD,0.00017
2024,COG,0.00067
2024,COL,0.00000
2024,COM,0.00162
2024,CPV,0.00722
2024,CRI,0.03018
2024,CUB,0.00135
2024,CYP,0.00000
2024,CZE,0.00000
2024,DEU,0.00000
2024,DJI,0.00182
2024,DMA,0.01476
2024,DNK,0.00000
2024,DOM,0.01350
2024,DZA,0.00175
2024,ECU,0.00512
2024,EGY,0.00593
2024,ERI,0.00006
2024,ESP,0.00000
2024,EST,0.00000
2024,ETH,0.00069
2024,FIN,0.00000
2024,FJI,0.00492
2024,FRA,0.00000
2024,FSM,0.00704
2024,GAB,0.00289
2024,GBR,0.00000
2024,GEO,0.10008
2024,GHA,0.00918
2024,GIN,0.00100
2024,GMB,0.00068
2024,GNB,0.00081
2024,GNQ,0.00058
2024,GRC,0.00000
2024,GRD,0.00379
2024,GTM,0.01562
2024,GUY,0.00470
2024,HND,0.00486
2024,HRV,0.00000
2024,HTI,0.00096
2024,HUN,0.00000
2024,IDN,0.00860
2024,IND,0.00791
2024,IRL,0.00000
2024,IRN,0.00139
2024,IRQ,0.01039
2024,ISL,0.00000
2024,ISR,0.00127
2024,ITA,0.00000
2024,JAM,0.01262
2024,JOR,0.00581
2024,JPN,0.00000
2024,KAZ,0.00000
2024,KEN,0.00330
2024,KGZ,0.00647
2024,KHM,0.00251
2024,KIR,0.00424
2024,KNA,0.01333
2024,KOR,0.00000
2024,KOS,0.02815
2024,KWT,0.03048
2024,LAO,0.00296
2024,LBN,0.01164
2024,LBR,0.00187
2024,LBY,0.00677
2024,LCA,0.00552
2024,LKA,0.00351
2024,LSO,0.01014
2024,LTU,0.00000
2024,LUX,0.00000
2024,LVA,0.00000
2024,MAR,0.00074
2024,MDA,0.04294
2024,MDG,0.00229
2024,MDV,0.00686
2024,MEX,0.00000
2024,MHL,0.00889
2024,MKD,0.09148
2024,MLI,0.00244
2024,MLT,0.00000
2024,MMR,0.00243
2024,MNE,0.06826
2024,MNG,0.03834
2024,MOZ,0.00257
2024,MRT,0.00171
2024,MUS,0.05141
2024,MWI,0.00077
2024,MYS,0.03908
2024,NAM,0.01129
2024,NER,0.00120
2024,NGA,0.09134
2024,NIC,0.00410
2024,NLD,0.00000
2024,NOR,0.00000
2024,NPL,0.00253
2024,NZL,0.00000
2024,OMN,0.02050
2024,PAK,0.00021
2024,PAN,0.15903
2024,PER,0.02627
2024,PHL,0.01183
2024,PLW,0.08432
2024,PNG,0.00447
2024,POL,0.00000
2024,PRT,0.00000
2024,PRY,0.02511
2024,QAT,0.00809
2024,ROU,0.00000
2024,RUS,0.04045
2024,RWA,0.00197
2024,SAU,0.01185
2024,SDN,0.00050
2024,SEN,0.00325
2024,SGP,0.00000
2024,SLB,0.00280
2024,SLE,0.00120
2024,SLV,0.00878
2024,SMR,0.15443
2024,SOM,0.00011
2024,SRB,0.11632
2024,SSD,0.00068
2024,STP,0.00191
2024,SUR,0.01195
2024,SVK,0.00000
2024,SVN,0.00000
2024,SWE,0.00000
2024,SWZ,0.00197
2024,SYC,0.01294
2024,SYR,0.00021
2024,TCD,0.00082
2024,TGO,0.00067
2024,THA,0.00023
2024,TJK,0.00139
2024,TKM,0.00069
2024,TLS,0.00938
2024,TON,0.00686
2024,TTO,0.01525
2024,TUN,0.01455
2024,TUR,0.04064
2024,TUV,0.00503
2024,TZA,0.00140
2024,UGA,0.00125
2024,UKR,0.00000
2024,URY,0.03835
2024,USA,0.00000
2024,UZB,0.00222
2024,VCT,0.00425
2024,VNM,0.00036
2024,VUT,0.00797
2024,WSM,0.00673
2024,YEM,0.00052
2024,ZAF,0.00000
2024,ZMB,0.00258
2024,ZWE,0.00018
2025,AFG,0.00000
2025,AGO,0.00240
2025,ALB,0.06558
2025,ARE,0.01666
2025,ARG,0.00000
2025,ARM,0.03105
2025,ATG,0.01314
2025,AUS,0.00000
2025,AUT,0.00000
2025,AZE,0.00292
2025,BDI,0.00027
2025,BEL,0.00000
2025,BEN,0.00181
2025,BFA,0.00220
2025,BGD,0.04462
2025,BGR,0.00000
2025,BHR,0.01491
2025,BHS,0.00884
2025,BIH,0.03477
2025,BLR,0.01246
2025,BLZ,0.00440
2025,BOL,0.00477
2025,BRA,0.00111
2025,BRB,0.01045
2025,BRN,0.05974
2025,BTN,0.00975
2025,BWA,0.01928
2025,CAF,0.00038
2025,CAN,0.00000
2025,CHE,0.00000
2025,CHL,0.00000
2025,CHN,0.00000
2025,CIV,0.00388
2025,CMR,0.00090
2025,COD,0.00013
2025,COG,0.00061
2025,COL,0.00000
2025,COM,0.00168
2025,CPV,0.00742
2025,CRI,0.03159
2025,CUB,0.00164
2025,CYP,0.00000
2025,CZE,0.00000
2025,DEU,0.00000
2025,DJI,0.00193
2025,DMA,0.01660
2025,DNK,0.00000
2025,DOM,0.01501
2025,DZA,0.00148
2025,ECU,0.00572
2025,EGY,0.00641
2025,ERI,0.00011
2025,ESP,0.00000
2025,EST,0.00000
2025,ETH,0.00087
2025,FIN,0.00000
2025,FJI,0.00503
2025,FRA,0.00000
2025,FSM,0.00836
2025,GAB,0.00281
2025,GBR,0.00000
2025,GEO,0.09007
2025,GHA,0.00949
2025,GIN,0.00119
2025,GMB,0.00070
2025,GNB,0.00079
2025,GNQ,0.00061
2025,GRC,0.00000
2025,GRD,0.00437
2025,GTM,0.01720
2025,GUY,0.00450
2025,HND,0.00519
2025,HRV,0.00000
2025,HTI,0.00123
2025,HUN,0.00000
2025,IDN,0.00916
2025,IND,0.00710
2025,IRL,0.00000
2025,IRN,0.00164
2025,IRQ,0.01135
2025,ISL,0.00000
2025,ISR,0.00162
2025,ITA,0.00000
2025,JAM,0.01344
2025,JOR,0.00621
2025,JPN,0.00000
2025,KAZ,0.00000
2025,KEN,0.00358
2025,KGZ,0.00674
2025,KHM,0.00262
2025,KIR,0.00458
2025,KNA,0.01453
2025,KOR,0.00000
2025,KOS,0.02744
2025,KWT,0.03301
2025,LAO,0.00280
2025,LBN,0.01268
2025,LBR,0.00213
2025,LBY,0.00727
2025,LCA,0.00702
2025,LKA,0.00321
2025,LSO,0.00970
2025,LTU,0.00000
2025,LUX,0.00000
2025,LVA,0.00000
2025,MAR,0.00070
2025,MDA,0.04282
2025,MDG,0.00212
2025,MDV,0.00762
2025,MEX,0.00000
2025,MHL,0.00944
2025,MKD,0.08657
2025,MLI,0.00276
2025,MLT,0.00000
2025,MMR,0.00231
2025,MNE,0.06692
2025,MNG,0.03973
2025,MOZ,0.00239
2025,MRT,0.00188
2025,MUS,0.04988
2025,MWI,0.00082
2025,MYS,0.04013
2025,NAM,0.01233
2025,NER,0.00100
2025,NGA,0.08432
2025,NIC,0.00472
2025,NLD,0.00000
2025,NOR,0.00000
2025,NPL,0.00268
2025,NZL,0.00000
2025,OMN,0.02165
2025,PAK,0.00031
2025,PAN,0.09848
2025,PER,0.02601
2025,PHL,0.01220
2025,PLW,0.07776
2025,PNG,0.00480
2025,POL,0.00000
2025,PRT,0.00000
2025,PRY,0.02372
2025,QAT,0.00928
2025,ROU,0.00000
2025,RUS,0.04029
2025,RWA,0.00217
2025,SAU,0.01348
2025,SDN,0.00047
2025,SEN,0.00329
2025,SGP,0.00000
2025,SLB,0.00298
2025,SLE,0.00131
2025,SLV,0.00974
2025,SMR,0.10483
2025,SOM,0.00015
2025,SRB,0.10194
2025,SSD,0.00069
2025,STP,0.00202
2025,SUR,0.01331
2025,SVK,0.00000
2025,SVN,0.00000
2025,SWE,0.00000
2025,SWZ,0.00214
2025,SYC,0.01386
2025,SYR,0.00032
2025,TCD,0.00085
2025,TGO,0.00096
2025,THA,0.00023
2025,TJK,0.00112
2025,TKM,0.00073
2025,TLS,0.01008
2025,TON,0.00701
2025,TTO,0.01611
2025,TUN,0.01544
2025,TUR,0.04064
2025,TUV,0.00461
2025,TZA,0.00158
2025,UGA,0.00124
2025,UKR,0.00000
2025,URY,0.03908
2025,USA,0.00000
2025,UZB,0.00196
2025,VCT,0.00539
2025,VNM,0.00027
2025,VUT,0.00862
2025,WSM,0.00716
2025,YEM,0.00063
2025,ZAF,0.00000
2025,ZMB,0.00280
2025,ZWE,0.00046
2026,AFG,0.00000
2026,AGO,0.00246
2026,ALB,0.06075
2026,ARE,0.01756
2026,ARG,0.00000
2026,ARM,0.03227
2026,ATG,0.01503
2026,AUS,0.00000
2026,AUT,0.00000
2026,AZE,0.00297
2026,BDI,0.00041
2026,BEL,0.00000
2026,BEN,0.00186
2026,BFA,0.00198
2026,BGD,0.04514
2026,BGR,0.00000
2026,BHR,0.01641
2026,BHS,0.00940
2026,BIH,0.03539
2026,BLR,0.01287
2026,BLZ,0.00484
2026,BOL,0.00478
2026,BRA,0.00139
2026,BRB,0.01142
2026,BRN,0.06144
2026,BTN,0.00999
2026,BWA,0.01942
2026,CAF,0.00027
2026,CAN,0.00000
2026,CHE,0.00000
2026,CHL,0.00000
2026,CHN,0.00000
2026,CIV,0.00381
2026,CMR,0.00077
2026,COD,0.00021
2026,COG,0.00081
2026,COL,0.00000
2026,COM,0.00189
2026,CPV,0.00752
2026,CRI,0.03416
2026,CUB,0.00139
2026,CYP,0.00000
2026,CZE,0.00000
2026,DEU,0.00000
2026,DJI,0.00191
2026,DMA,0.01871
2026,DNK,0.00000
2026,DOM,0.01496
2026,DZA,0.00159
2026,ECU,0.00559
2026,EGY,0.00713
2026,ERI,0.00009
2026,ESP,0.00000
2026,EST,0.00000
2026,ETH,0.00085
2026,FIN,0.00000
2026,FJI,0.00498
2026,FRA,0.00000
2026,FSM,0.00785
2026,GAB,0.00311
2026,GBR,0.00000
2026,GEO,0.08287
2026,GHA,0.01018
2026,GIN,0.00119
2026,GMB,0.00075
2026,GNB,0.00118
2026,GNQ,0.00054
2026,GRC,0.00000
2026,GRD,0.00457
2026,GTM,0.01882
2026,GUY,0.00506
2026,HND,0.00627
2026,HRV,0.00000
2026,HTI,0.00087
2026,HUN,0.00000
2026,IDN,0.00968
2026,IND,0.00780
2026,IRL,0.00000
2026,IRN,0.00142
2026,IRQ,0.01175
2026,ISL,0.00000
2026,ISR,0.00179
2026,ITA,0.00000
2026,JAM,0.01406
2026,JOR,0.00579
2026,JPN,0.00000
2026,KAZ,0.00000
2026,KEN,0.00392
2026,KGZ,0.00738
2026,KHM,0.00281
2026,KIR,0.00497
2026,KNA,0.01692
2026,KOR,0.00000
2026,KOS,0.02993
2026,KWT,0.03344
2026,LAO,0.00359
2026,LBN,0.01324
2026,LBR,0.00199
2026,LBY,0.00707
2026,LCA,0.00776
2026,LKA,0.00370
2026,LSO,0.01049
2026,LTU,0.00000
2026,LUX,0.00000
2026,LVA,0.00000
2026,MAR,0.00066
2026,MDA,0.04129
2026,MDG,0.00224
2026,MDV,0.00783
2026,MEX,0.00000
2026,MHL,0.00981
2026,MKD,0.08019
2026,MLI,0.00286
2026,MLT,0.00000
2026,MMR,0.00257
2026,MNE,0.06366
2026,MNG,0.04018
2026,MOZ,0.00238
2026,MRT,0.00179
2026,MUS,0.04994
2026,MWI,0.00091
2026,MYS,0.03982
2026,NAM,0.01250
2026,NER,0.00113
2026,NGA,0.07840
2026,NIC,0.00546
2026,NLD,0.00000
2026,NOR,0.00000
2026,NPL,0.00276
2026,NZL,0.00000
2026,OMN,0.02417
2026,PAK,0.00032
2026,PAN,0.05854
2026,PER,0.02653
2026,PHL,0.01232
2026,PLW,0.07409
2026,PNG,0.00526
2026,POL,0.00000
2026,PRT,0.00000
2026,PRY,0.02513
2026,QAT,0.00996
2026,ROU,0.00000
2026,RUS,0.03823
2026,RWA,0.00235
2026,SAU,0.01414
2026,SDN,0.00062
2026,SEN,0.00346
2026,SGP,0.00000
2026,SLB,0.00317
2026,SLE,0.00133
2026,SLV,0.01107
2026,SMR,0.07040
2026,SOM,0.00009
2026,SRB,0.08752
2026,SSD,0.00062
2026,STP,0.00214
2026,SUR,0.01321
2026,SVK,0.00000
2026,SVN,0.00000
2026,SWE,0.00000
2026,SWZ,0.00254
2026,SYC,0.01430
2026,SYR,0.00024
2026,TCD,0.00083
2026,TGO,0.00100
2026,THA,0.00024
2026,TJK,0.00118
2026,TKM,0.00092
2026,TLS,0.01042
2026,TON,0.00712
2026,TTO,0.01681
2026,TUN,0.01474
2026,TUR,0.03983
2026,TUV,0.00532
2026,TZA,0.00154
2026,UGA,0.00117
2026,UKR,0.00000
2026,URY,0.03772
2026,USA,0.00000
2026,UZB,0.00223
2026,VCT,0.00606
2026,VNM,0.00044
2026,VUT,0.00894
2026,WSM,0.00658
2026,YEM,0.00066
2026,ZAF,0.00000
2026,ZMB,0.00274
2026,ZWE,0.00030
2027,AFG,0.00000
2027,AGO,0.00272
2027,ALB,0.06118
2027,ARE,0.01806
2027,ARG,0.00000
2027,ARM,0.03344
2027,ATG,0.01670
2027,AUS,0.00000
2027,AUT,0.00000
2027,AZE,0.00326
2027,BDI,0.00035
2027,BEL,0.00000
2027,BEN,0.00184
2027,BFA,0.00232
2027,BGD,0.04327
2027,BGR,0.00000
2027,BHR,0.01805
2027,BHS,0.00967
2027,BIH,0.03430
2027,BLR,0.01301
2027,BLZ,0.00512
2027,BOL,0.00507
2027,BRA,0.00111
2027,BRB,0.01366
2027,BRN,0.05911
2027,BTN,0.01101
2027,BWA,0.02072
2027,CAF,0.00043
2027,CAN,0.00000
2027,CHE,0.00000
2027,CHL,0.00000
2027,CHN,0.00000
2027,CIV,0.00418
2027,CMR,0.00096
2027,COD,0.00023
2027,COG,0.00075
2027,COL,0.00000
2027,COM,0.00168
2027,CPV,0.00831
2027,CRI,0.03433
2027,CUB,0.00153
2027,CYP,0.00000
2027,CZE,0.00000
2027,DEU,0.00000
2027,DJI,0.00227
2027,DMA,0.02073
2027,DNK,0.00000
2027,DOM,0.01637
2027,DZA,0.00162
2027,ECU,0.00585
2027,EGY,0.00693
2027,ERI,0.00006
2027,ESP,0.00000
2027,EST,0.00000
2027,ETH,0.00076
2027,FIN,0.00000
2027,FJI,0.00547
2027,FRA,0.00000
2027,FSM,0.00857
2027,GAB,0.00354
2027,GBR,0.00000
2027,GEO,0.07358
2027,GHA,0.01056
2027,GIN,0.00120
2027,GMB,0.00076
2027,GNB,0.00096
2027,GNQ,0.00075
2027,GRC,0.00000
2027,GRD,0.00578
2027,GTM,0.01922
2027,GUY,0.00555
2027,HND,0.00641
2027,HRV,0.00000
2027,HTI,0.00132
2027,HUN,0.00000
2027,IDN,0.00985
2027,IND,0.00859
2027,IRL,0.00000
2027,IRN,0.00177
2027,IRQ,0.01289
2027,ISL,0.00000
2027,ISR,0.00149
2027,ITA,0.00000
2027,JAM,0.01559
2027,JOR,0.00613
2027,JPN,0.00000
2027,KAZ,0.00000
2027,KEN,0.00400
2027,KGZ,0.00753
2027,KHM,0.00304
2027,KIR,0.00460
2027,KNA,0.01848
2027,KOR,0.00000
2027,KOS,0.03023
2027,KWT,0.03464
2027,LAO,0.00364
2027,LBN,0.01287
2027,LBR,0.00209
2027,LBY,0.00732
2027,LCA,0.00929
2027,LKA,0.00383
2027,LSO,0.01010
2027,LTU,0.00000
2027,LUX,0.00000
2027,LVA,0.00000
2027,MAR,0.00071
2027,MDA,0.04016
2027,MDG,0.00243
2027,MDV,0.00830
2027,MEX,0.00000
2027,MHL,0.00956
2027,MKD,0.07437
2027,MLI,0.00290
2027,MLT,0.00000
2027,MMR,0.00261
2027,MNE,0.06214
2027,MNG,0.04027
2027,MOZ,0.00280
2027,MRT,0.00196
2027,MUS,0.04929
2027,MWI,0.00086
2027,MYS,0.04010
2027,NAM,0.01254
2027,NER,0.00138
2027,NGA,0.07128
2027,NIC,0.00529
2027,NLD,0.00000
2027,NOR,0.00000
2027,NPL,0.00307
2027,NZL,0.00000
2027,OMN,0.02474
2027,PAK,0.00030
2027,PAN,0.03363
2027,PER,0.02772
2027,PHL,0.01287
2027,PLW,0.07020
2027,PNG,0.00511
2027,POL,0.00000
2027,PRT,0.00000
2027,PRY,0.02580
2027,QAT,0.01099
2027,ROU,0.00000
2027,RUS,0.03703
2027,RWA,0.00216
2027,SAU,0.01497
2027,SDN,0.00062
2027,SEN,0.00378
2027,SGP,0.00000
2027,SLB,0.00322
2027,SLE,0.00132
2027,SLV,0.01111
2027,SMR,0.04718
2027,SOM,0.00015
2027,SRB,0.07476
2027,SSD,0.00080
2027,STP,0.00220
2027,SUR,0.01422
2027,SVK,0.00000
2027,SVN,0.00000
2027,SWE,0.00000
2027,SWZ,0.00239
2027,SYC,0.01584
2027,SYR,0.00019
2027,TCD,0.00081
2027,TGO,0.00098
2027,THA,0.00020
2027,TJK,0.00127
2027,TKM,0.00082
2027,TLS,0.01108
2027,TON,0.00773
2027,TTO,0.01792
2027,TUN,0.01542
2027,TUR,0.03848
2027,TUV,0.00556
2027,TZA,0.00150
2027,UGA,0.00115
2027,UKR,0.00000
2027,URY,0.03784
2027,USA,0.00000
2027,UZB,0.00231
2027,VCT,0.00716
2027,VNM,0.00030
2027,VUT,0.00932
2027,WSM,0.00766
2027,YEM,0.00070
2027,ZAF,0.00000
2027,ZMB,0.00296
2027,ZWE,0.00037
2028,AFG,0.00000
2028,AGO,0.00262
2028,ALB,0.05716
2028,ARE,0.01872
2028,ARG,0.00000
2028,ARM,0.03257
2028,ATG,0.01854
2028,AUS,0.00000
2028,AUT,0.00000
2028,AZE,0.00327
2028,BDI,0.00036
2028,BEL,0.00000
2028,BEN,0.00208
2028,BFA,0.00268
2028,BGD,0.04427
2028,BGR,0.00000
2028,BHR,0.01823
2028,BHS,0.01009
2028,BIH,0.03418
2028,BLR,0.01287
2028,BLZ,0.00592
2028,BOL,0.00459
2028,BRA,0.00166
2028,BRB,0.01413
2028,BRN,0.05630
2028,BTN,0.01169
2028,BWA,0.02041
2028,CAF,0.00045
2028,CAN,0.00000
2028,CHE,0.00000
2028,CHL,0.00000
2028,CHN,0.00000
2028,CIV,0.00482
2028,CMR,0.00109
2028,COD,0.00025
2028,COG,0.00079
2028,COL,0.00000
2028,COM,0.00188
2028,CPV,0.00879
2028,CRI,0.03419
2028,CUB,0.00158
2028,CYP,0.00000
2028,CZE,0.00000
2028,DEU,0.00000
2028,DJI,0.00237
2028,DMA,0.02175
2028,DNK,0.00000
2028,DOM,0.01717
2028,DZA,0.00166
2028,ECU,0.00622
2028,EGY,0.00813
2028,ERI,0.00008
2028,ESP,0.00000
2028,EST,0.00000
2028,ETH,0.00089
2028,FIN,0.00000
2028,FJI,0.00596
2028,FRA,0.00000
2028,FSM,0.00922
2028,GAB,0.00394
2028,GBR,0.00000
2028,GEO,0.06463
2028,GHA,0.01183
2028,GIN,0.00142
2028,GMB,0.00070
2028,GNB,0.00111
2028,GNQ,0.00078
2028,GRC,0.00000
2028,GRD,0.00689
2028,GTM,0.02054
2028,GUY,0.00589
2028,HND,0.00661
2028,HRV,0.00000
2028,HTI,0.00129
2028,HUN,0.00000
2028,IDN,0.01083
2028,IND,0.00851
2028,IRL,0.00000
2028,IRN,0.00160
2028,IRQ,0.01310
2028,ISL,0.00000
2028,ISR,0.00166
2028,ITA,0.00000
2028,JAM,0.01565
2028,JOR,0.00674
2028,JPN,0.00000
2028,KAZ,0.00000
2028,KEN,0.00419
2028,KGZ,0.00754
2028,KHM,0.00327
2028,KIR,0.00495
2028,KNA,0.01976
2028,KOR,0.00000
2028,KOS,0.03109
2028,KWT,0.03568
2028,LAO,0.00371
2028,LBN,0.01421
2028,LBR,0.00204
2028,LBY,0.00798
2028,LCA,0.01021
2028,LKA,0.00350
2028,LSO,0.01047
2028,LTU,0.00000
2028,LUX,0.00000
2028,LVA,0.00000
2028,MAR,0.00065
2028,MDA,0.03893
2028,MDG,0.00291
2028,MDV,0.00914
2028,MEX,0.00000
2028,MHL,0.01046
2028,MKD,0.06499
2028,MLI,0.00284
2028,MLT,0.00000
2028,MMR,0.00286
2028,MNE,0.05803
2028,MNG,0.03868
2028,MOZ,0.00273
2028,MRT,0.00196
2028,MUS,0.04807
2028,MWI,0.00088
2028,MYS,0.04006
2028,NAM,0.01298
2028,NER,0.00137
2028,NGA,0.06496
2028,NIC,0.00594
2028,NLD,0.00000
2028,NOR,0.00000
2028,NPL,0.00299
2028,NZL,0.00000
2028,OMN,0.02607
2028,PAK,0.00031
2028,PAN,0.01930
2028,PER,0.02761
2028,PHL,0.01336
2028,PLW,0.06386
2028,PNG,0.00599
2028,POL,0.00000
2028,PRT,0.00000
2028,PRY,0.02463
2028,QAT,0.01231
2028,ROU,0.00000
2028,RUS,0.03610
2028,RWA,0.00260
2028,SAU,0.01461
2028,SDN,0.00054
2028,SEN,0.00407
2028,SGP,0.00000
2028,SLB,0.00337
2028,SLE,0.00141
2028,SLV,0.01250
2028,SMR,0.03111
2028,SOM,0.00014
2028,SRB,0.06361
2028,SSD,0.00078
2028,STP,0.00260
2028,SUR,0.01415
2028,SVK,0.00000
2028,SVN,0.00000
2028,SWE,0.00000
2028,SWZ,0.00231
2028,SYC,0.01601
2028,SYR,0.00034
2028,TCD,0.00092
2028,TGO,0.00112
2028,THA,0.00041
2028,TJK,0.00158
2028,TKM,0.00097
2028,TLS,0.01196
2028,TON,0.00832
2028,TTO,0.01870
2028,TUN,0.01547
2028,TUR,0.03912
2028,TUV,0.00617
2028,TZA,0.00163
2028,UGA,0.00153
2028,UKR,0.00000
2028,URY,0.03632
2028,USA,0.00000
2028,UZB,0.00223
2028,VCT,0.00760
2028,VNM,0.00032
2028,VUT,0.00986
2028,WSM,0.00793
2028,YEM,0.00062
2028,ZAF,0.00000
2028,ZMB,0.00308
2028,ZWE,0.00044
2029,AFG,0.00000
2029,AGO,0.00286
2029,ALB,0.05320
2029,ARE,0.01940
2029,ARG,0.00000
2029,ARM,0.03433
2029,ATG,0.01971
2029,AUS,0.00000
2029,AUT,0.00000
2029,AZE,0.00359
2029,BDI,0.00048
2029,BEL,0.00000
2029,BEN,0.00232
2029,BFA,0.00271
2029,BGD,0.04291
2029,BGR,0.00000
2029,BHR,0.02020
2029,BHS,0.01030
2029,BIH,0.03445
2029,BLR,0.01277
2029,BLZ,0.00599
2029,BOL,0.00547
2029,BRA,0.00145
2029,BRB,0.01540
2029,BRN,0.05374
2029,BTN,0.01205
2029,BWA,0.02136
2029,CAF,0.00043
2029,CAN,0.00000
2029,CHE,0.00000
2029,CHL,0.00000
2029,CHN,0.00000
2029,CIV,0.00475
2029,CMR,0.00101
2029,COD,0.00025
2029,COG,0.00084
2029,COL,0.00000
2029,COM,0.00218
2029,CPV,0.00834
2029,CRI,0.03429
2029,CUB,0.00190
2029,CYP,0.00000
2029,CZE,0.00000
2029,DEU,0.00000
2029,DJI,0.00242
2029,DMA,0.02411
2029,DNK,0.00000
2029,DOM,0.01698
2029,DZA,0.00180
2029,ECU,0.00678
2029,EGY,0.00821
2029,ERI,0.00010
2029,ESP,0.00000
2029,EST,0.00000
2029,ETH,0.00090
2029,FIN,0.00000
2029,FJI,0.00600
2029,FRA,0.00000
2029,FSM,0.00931
2029,GAB,0.00350
2029,GBR,0.00000
2029,GEO,0.05642
2029,GHA,0.01136
2029,GIN,0.00124
2029,GMB,0.00094
2029,GNB,0.00122
2029,GNQ,0.00078
2029,GRC,0.00000
2029,GRD,0.00633
2029,GTM,0.02226
2029,GUY,0.00625
2029,HND,0.00738
2029,HRV,0.00000
2029,HTI,0.00150
2029,HUN,0.00000
2029,IDN,0.01189
2029,IND,0.00893
2029,IRL,0.00000
2029,IRN,0.00216
2029,IRQ,0.01384
2029,ISL,0.00000
2029,ISR,0.00169
2029,ITA,0.00000
2029,JAM,0.01705
2029,JOR,0.00689
2029,JPN,0.00000
2029,KAZ,0.00000
2029,KEN,0.00402
2029,KGZ,0.00772
2029,KHM,0.00324
2029,KIR,0.00573
2029,KNA,0.02255
2029,KOR,0.00000
2029,KOS,0.03167
2029,KWT,0.03567
2029,LAO,0.00394
2029,LBN,0.01466
2029,LBR,0.00226
2029,LBY,0.00828
2029,LCA,0.01151
2029,LKA,0.00392
2029,LSO,0.01144
2029,LTU,0.00000
2029,LUX,0.00000
2029,LVA,0.00000
2029,MAR,0.00075
2029,MDA,0.03645
2029,MDG,0.00251
2029,MDV,0.00917
2029,MEX,0.00000
2029,MHL,0.01108
2029,MKD,0.05782
2029,MLI,0.00347
2029,MLT,0.00000
2029,MMR,0.00300
2029,MNE,0.05507
2029,MNG,0.03739
2029,MOZ,0.00310
2029,MRT,0.00223
2029,MUS,0.04669
2029,MWI,0.00091
2029,MYS,0.03964
2029,NAM,0.01368
2029,NER,0.00150
2029,NGA,0.05744
2029,NIC,0.00638
2029,NLD,0.00000
2029,NOR,0.00000
2029,NPL,0.00337
2029,NZL,0.00000
2029,OMN,0.02582
2029,PAK,0.00035
2029,PAN,0.00974
2029,PER,0.02763
2029,PHL,0.01402
2029,PLW,0.05833
2029,PNG,0.00604
2029,POL,0.00000
2029,PRT,0.00000
2029,PRY,0.02528
2029,QAT,0.01315
2029,ROU,0.00000
2029,RUS,0.03490
2029,RWA,0.00282
2029,SAU,0.01629
2029,SDN,0.00072
2029,SEN,0.00373
2029,SGP,0.00000
2029,SLB,0.00369
2029,SLE,0.00164
2029,SLV,0.01404
2029,SMR,0.02059
2029,SOM,0.00012
2029,SRB,0.05194
2029,SSD,0.00077
2029,STP,0.00254
2029,SUR,0.01531
2029,SVK,0.00000
2029,SVN,0.00000
2029,SWE,0.00000
2029,SWZ,0.00269
2029,SYC,0.01666
2029,SYR,0.00035
2029,TCD,0.00112
2029,TGO,0.00104
2029,THA,0.00027
2029,TJK,0.00164
2029,TKM,0.00114
2029,TLS,0.01179
2029,TON,0.00852
2029,TTO,0.02049
2029,TUN,0.01567
2029,TUR,0.03670
2029,TUV,0.00563
2029,TZA,0.00167
2029,UGA,0.00166
2029,UKR,0.00000
2029,URY,0.03641
2029,USA,0.00000
2029,UZB,0.00219
2029,VCT,0.00936
2029,VNM,0.00037
2029,VUT,0.00985
2029,WSM,0.00819
2029,YEM,0.00072
2029,ZAF,0.00000
2029,ZMB,0.00344
2029,ZWE,0.00046
2030,AFG,0.00000
2030,AGO,0.00322
2030,ALB,0.04934
2030,ARE,0.02054
2030,ARG,0.00000
2030,ARM,0.03465
2030,ATG,0.02137
2030,AUS,0.00000
2030,AUT,0.00000
2030,AZE,0.00390
2030,BDI,0.00061
2030,BEL,0.00000
2030,BEN,0.00245
2030,BFA,0.00258
2030,BGD,0.04407
2030,BGR,0.00000
2030,BHR,0.02121
2030,BHS,0.01154
2030,BIH,0.03269
2030,BLR,0.01317
2030,BLZ,0.00603
2030,BOL,0.00553
2030,BRA,0.00143
2030,BRB,0.01660
2030,BRN,0.05119
2030,BTN,0.01262
2030,BWA,0.02218
2030,CAF,0.00050
2030,CAN,0.00000
2030,CHE,0.00000
2030,CHL,0.00000
2030,CHN,0.00000
2030,CIV,0.00492
2030,CMR,0.00107
2030,COD,0.00022
2030,COG,0.00080
2030,COL,0.00000
2030,COM,0.00224
2030,CPV,0.00917
2030,CRI,0.03450
2030,CUB,0.00221
2030,CYP,0.00000
2030,CZE,0.00000
2030,DEU,0.00000
2030,DJI,0.00269
2030,DMA,0.02584
2030,DNK,0.00000
2030,DOM,0.01821
2030,DZA,0.00194
2030,ECU,0.00674
2030,EGY,0.00790
2030,ERI,0.00002
2030,ESP,0.00000
2030,EST,0.00000
2030,ETH,0.00112
2030,FIN,0.00000
2030,FJI,0.00667
2030,FRA,0.00000
2030,FSM,0.01000
2030,GAB,0.00381
2030,GBR,0.00000
2030,GEO,0.05117
2030,GHA,0.01243
2030,GIN,0.00146
2030,GMB,0.00080
2030,GNB,0.00128
2030,GNQ,0.00074
2030,GRC,0.00000
2030,GRD,0.00826
2030,GTM,0.02105
2030,GUY,0.00681
2030,HND,0.00763
2030,HRV,0.00000
2030,HTI,0.00151
2030,HUN,0.00000
2030,IDN,0.01156
2030,IND,0.00891
2030,IRL,0.00000
2030,IRN,0.00180
2030,IRQ,0.01410
2030,ISL,0.00000
2030,ISR,0.00166
2030,ITA,0.00000
2030,JAM,0.01673
2030,JOR,0.00715
2030,JPN,0.00000
2030,KAZ,0.00000
2030,KEN,0.00422
2030,KGZ,0.00798
2030,KHM,0.00375
2030,KIR,0.00526
2030,KNA,0.02359
2030,KOR,0.00000
2030,KOS,0.03113
2030,KWT,0.03832
2030,LAO,0.00403
2030,LBN,0.01432
2030,LBR,0.00227
2030,LBY,0.00840
2030,LCA,0.01253
2030,LKA,0.00417
2030,LSO,0.01134
2030,LTU,0.00000
2030,LUX,0.00000
2030,LVA,0.00000
2030,MAR,0.00073
2030,MDA,0.03688
2030,MDG,0.00250
2030,MDV,0.00896
2030,MEX,0.00000
2030,MHL,0.01095
2030,MKD,0.05240
2030,MLI,0.00316
2030,MLT,0.00000
2030,MMR,0.00314
2030,MNE,0.04983
2030,MNG,0.03671
2030,MOZ,0.00336
2030,MRT,0.00248
2030,MUS,0.04539
2030,MWI,0.00103
2030,MYS,0.03846
2030,NAM,0.01425
2030,NER,0.00148
2030,NGA,0.05081
2030,NIC,0.00749
2030,NLD,0.00000
2030,NOR,0.00000
2030,NPL,0.00347
2030,NZL,0.00000
2030,OMN,0.02675
2030,PAK,0.00037
2030,PAN,0.00568
2030,PER,0.02815
2030,PHL,0.01484
2030,PLW,0.05237
2030,PNG,0.00615
2030,POL,0.00000
2030,PRT,0.00000
2030,PRY,0.02606
2030,QAT,0.01445
2030,ROU,0.00000
2030,RUS,0.03481
2030,RWA,0.00276
2030,SAU,0.01661
2030,SDN,0.00069
2030,SEN,0.00398
2030,SGP,0.00000
2030,SLB,0.00382
2030,SLE,0.00167
2030,SLV,0.01426
2030,SMR,0.01336
2030,SOM,0.00021
2030,SRB,0.04343
2030,SSD,0.00096
2030,STP,0.00292
2030,SUR,0.01584
2030,SVK,0.00000
2030,SVN,0.00000
2030,SWE,0.00000
2030,SWZ,0.00278
2030,SYC,0.01740
2030,SYR,0.00032
2030,TCD,0.00096
2030,TGO,0.00134
2030,THA,0.00037
2030,TJK,0.00165
2030,TKM,0.00092
2030,TLS,0.01218
2030,TON,0.00850
2030,TTO,0.02171
2030,TUN,0.01598
2030,TUR,0.03605
2030,TUV,0.00611
2030,TZA,0.00207
2030,UGA,0.00158
2030,UKR,0.00000
2030,URY,0.03576
2030,USA,0.00000
2030,UZB,0.00213
2030,VCT,0.01010
2030,VNM,0.00040
2030,VUT,0.01014
2030,WSM,0.00823
2030,YEM,0.00078
2030,ZAF,0.00000
2030,ZMB,0.00352
2030,ZWE,0.00049
2031,AFG,0.00000
2031,AGO,0.00333
2031,ALB,0.04706
2031,ARE,0.02037
2031,ARG,0.00000
2031,ARM,0.03367
2031,ATG,0.02281
2031,AUS,0.00000
2031,AUT,0.00000
2031,AZE,0.00402
2031,BDI,0.00038
2031,BEL,0.00000
2031,BEN,0.00251
2031,BFA,0.00300
2031,BGD,0.04069
2031,BGR,0.00000
2031,BHR,0.02135
2031,BHS,0.01133
2031,BIH,0.03280
2031,BLR,0.01347
2031,BLZ,0.00682
2031,BOL,0.00559
2031,BRA,0.00151
2031,BRB,0.01672
2031,BRN,0.04692
2031,BTN,0.01281
2031,BWA,0.02209
2031,CAF,0.00043
2031,CAN,0.00000
2031,CHE,0.00000
2031,CHL,0.00000
2031,CHN,0.00000
2031,CIV,0.00509
2031,CMR,0.00112
2031,COD,0.00023
2031,COG,0.00098
2031,COL,0.00000
2031,COM,0.00237
2031,CPV,0.00892
2031,CRI,0.03459
2031,CUB,0.00216
2031,CYP,0.00000
2031,CZE,0.00000
2031,DEU,0.00000
2031,DJI,0.00269
2031,DMA,0.02720
2031,DNK,0.00000
2031,DOM,0.01817
2031,DZA,0.00184
2031,ECU,0.00671
2031,EGY,0.00770
2031,ERI,0.00004
2031,ESP,0.00000
2031,EST,0.00000
2031,ETH,0.00107
2031,FIN,0.00000
2031,FJI,0.00677
2031,FRA,0.00000
2031,FSM,0.01073
2031,GAB,0.00406
2031,GBR,0.00000
2031,GEO,0.04281
2031,GHA,0.01287
2031,GIN,0.00146
2031,GMB,0.00119
2031,GNB,0.00107
2031,GNQ,0.00085
2031,GRC,0.00000
2031,GRD,0.00813
2031,GTM,0.02236
2031,GUY,0.00674
2031,HND,0.00866
2031,HRV,0.00000
2031,HTI,0.00138
2031,HUN,0.00000
2031,IDN,0.01210
2031,IND,0.00970
2031,IRL,0.00000
2031,IRN,0.00218
2031,IRQ,0.01458
2031,ISL,0.00000
2031,ISR,0.00181
2031,ITA,0.00000
2031,JAM,0.01746
2031,JOR,0.00747
2031,JPN,0.00000
2031,KAZ,0.00000
2031,KEN,0.00475
2031,KGZ,0.00828
2031,KHM,0.00351
2031,KIR,0.00602
2031,KNA,0.02608
2031,KOR,0.00000
2031,KOS,0.03167
2031,KWT,0.03736
2031,LAO,0.00452
2031,LBN,0.01513
2031,LBR,0.00237
2031,LBY,0.00855
2031,LCA,0.01493
2031,LKA,0.00426
2031,LSO,0.01153
2031,LTU,0.00000
2031,LUX,0.00000
2031,LVA,0.00000
2031,MAR,0.00079
2031,MDA,0.03490
2031,MDG,0.00305
2031,MDV,0.00949
2031,MEX,0.00000
2031,MHL,0.01132
2031,MKD,0.04456
2031,MLI,0.00359
2031,MLT,0.00000
2031,MMR,0.00314
2031,MNE,0.04630
2031,MNG,0.03528
2031,MOZ,0.00337
2031,MRT,0.00229
2031,MUS,0.04432
2031,MWI,0.00132
2031,MYS,0.03785
2031,NAM,0.01458
2031,NER,0.00155
2031,NGA,0.04617
2031,NIC,0.00716
2031,NLD,0.00000
2031,NOR,0.00000
2031,NPL,0.00370
2031,NZL,0.00000
2031,OMN,0.02831
2031,PAK,0.00023
2031,PAN,0.00265
2031,PER,0.02745
2031,PHL,0.01509
2031,PLW,0.04778
2031,PNG,0.00623
2031,POL,0.00000
2031,PRT,0.00000
2031,PRY,0.02547
2031,QAT,0.01534
2031,ROU,0.00000
2031,RUS,0.03286
2031,RWA,0.00294
2031,SAU,0.01691
2031,SDN,0.00085
2031,SEN,0.00445
2031,SGP,0.00000
2031,SLB,0.00380
2031,SLE,0.00181
2031,SLV,0.01462
2031,SMR,0.00816
2031,SOM,0.00020
2031,SRB,0.03591
2031,SSD,0.00097
2031,STP,0.00294
2031,SUR,0.01568
2031,SVK,0.00000
2031,SVN,0.00000
2031,SWE,0.00000
2031,SWZ,0.00258
2031,SYC,0.01718
2031,SYR,0.00040
2031,TCD,0.00124
2031,TGO,0.00144
2031,THA,0.00035
2031,TJK,0.00164
2031,TKM,0.00094
2031,TLS,0.01314
2031,TON,0.00826
2031,TTO,0.02272
2031,TUN,0.01534
2031,TUR,0.03472
2031,TUV,0.00699
2031,TZA,0.00187
2031,UGA,0.00179
2031,UKR,0.00000
2031,URY,0.03324
2031,USA,0.00000
2031,UZB,0.00251
2031,VCT,0.01088
2031,VNM,0.00036
2031,VUT,0.01072
2031,WSM,0.00905
2031,YEM,0.00094
2031,ZAF,0.00000
2031,ZMB,0.00338
2031,ZWE,0.00045
2032,AFG,0.00000
2032,AGO,0.00307
2032,ALB,0.04181
2032,ARE,0.02201
2032,ARG,0.00000
2032,ARM,0.03385
2032,ATG,0.02400
2032,AUS,0.00000
2032,AUT,0.00000
2032,AZE,0.00442
2032,BDI,0.00057
2032,BEL,0.00000
2032,BEN,0.00260
2032,BFA,0.00293
2032,BGD,0.03958
2032,BGR,0.00000
2032,BHR,0.02380
2032,BHS,0.01143
2032,BIH,0.03050
2032,BLR,0.01324
2032,BLZ,0.00672
2032,BOL,0.00619
2032,BRA,0.00168
2032,BRB,0.01862
2032,BRN,0.04516
2032,BTN,0.01306
2032,BWA,0.02192
2032,CAF,0.00056
2032,CAN,0.00000
2032,CHE,0.00000
2032,CHL,0.00000
2032,CHN,0.00000
2032,CIV,0.00563
2032,CMR,0.00099
2032,COD,0.00027
2032,COG,0.00094
2032,COL,0.00000
2032,COM,0.00220
2032,CPV,0.00968
2032,CRI,0.03342
2032,CUB,0.00206
2032,CYP,0.00000
2032,CZE,0.00000
2032,DEU,0.00000
2032,DJI,0.00293
2032,DMA,0.02662
2032,DNK,0.00000
2032,DOM,0.01822
2032,DZA,0.00220
2032,ECU,0.00727
2032,EGY,0.00863
2032,ERI,0.00009
2032,ESP,0.00000
2032,EST,0.00000
2032,ETH,0.00094
2032,FIN,0.00000
2032,FJI,0.00644
2032,FRA,0.00000
2032,FSM,0.01082
2032,GAB,0.00414
2032,GBR,0.00000
2032,GEO,0.03814
2032,GHA,0.01293
2032,GIN,0.00129
2032,GMB,0.00103
2032,GNB,0.00124
2032,GNQ,0.00077
2032,GRC,0.00000
2032,GRD,0.00914
2032,GTM,0.02186
2032,GUY,0.00687
2032,HND,0.00893
2032,HRV,0.00000
2032,HTI,0.00165
2032,HUN,0.00000
2032,IDN,0.01183
2032,IND,0.00998
2032,IRL,0.00000
2032,IRN,0.00201
2032,IRQ,0.01510
2032,ISL,0.00000
2032,ISR,0.00188
2032,ITA,0.00000
2032,JAM,0.01819
2032,JOR,0.00778
2032,JPN,0.00000
2032,KAZ,0.00000
2032,KEN,0.00468
2032,KGZ,0.00786
2032,KHM,0.00376
2032,KIR,0.00568
2032,KNA,0.02716
2032,KOR,0.00000
2032,KOS,0.03188
2032,KWT,0.03747
2032,LAO,0.00425
2032,LBN,0.01591
2032,LBR,0.00278
2032,LBY,0.00919
2032,LCA,0.01644
2032,LKA,0.00456
2032,LSO,0.01167
2032,LTU,0.00000
2032,LUX,0.00000
2032,LVA,0.00000
2032,MAR,0.00072
2032,MDA,0.03382
2032,MDG,0.00299
2032,MDV,0.00958
2032,MEX,0.00000
2032,MHL,0.01210
2032,MKD,0.03836
2032,MLI,0.00398
2032,MLT,0.00000
2032,MMR,0.00336
2032,MNE,0.04274
2032,MNG,0.03493
2032,MOZ,0.00344
2032,MRT,0.00230
2032,MUS,0.04109
2032,MWI,0.00121
2032,MYS,0.03703
2032,NAM,0.01543
2032,NER,0.00157
2032,NGA,0.04038
2032,NIC,0.00765
2032,NLD,0.00000
2032,NOR,0.00000
2032,NPL,0.00409
2032,NZL,0.00000
2032,OMN,0.02760
2032,PAK,0.00036
2032,PAN,0.00162
2032,PER,0.02733
2032,PHL,0.01473
2032,PLW,0.04221
2032,PNG,0.00653
2032,POL,0.00000
2032,PRT,0.00000
2032,PRY,0.02567
2032,QAT,0.01593
2032,ROU,0.00000
2032,RUS,0.03267
2032,RWA,0.00306
2032,SAU,0.01722
2032,SDN,0.00077
2032,SEN,0.00474
2032,SGP,0.00000
2032,SLB,0.00407
2032,SLE,0.00180
2032,SLV,0.01501
2032,SMR,0.00493
2032,SOM,0.00029
2032,SRB,0.02908
2032,SSD,0.00092
2032,STP,0.00294
2032,SUR,0.01684
2032,SVK,0.00000
2032,SVN,0.00000
2032,SWE,0.00000
2032,SWZ,0.00308
2032,SYC,0.01826
2032,SYR,0.00038
2032,TCD,0.00139
2032,TGO,0.00136
2032,THA,0.00045
2032,TJK,0.00174
2032,TKM,0.00112
2032,TLS,0.01342
2032,TON,0.00844
2032,TTO,0.02249
2032,TUN,0.01559
2032,TUR,0.03352
2032,TUV,0.00638
2032,TZA,0.00198
2032,UGA,0.00176
2032,UKR,0.00000
2032,URY,0.03293
2032,USA,0.00000
2032,UZB,0.00251
2032,VCT,0.01190
2032,VNM,0.00044
2032,VUT,0.01127
2032,WSM,0.00898
2032,YEM,0.00078
2032,ZAF,0.00000
2032,ZMB,0.00370
2032,ZWE,0.00043
2033,AFG,0.00000
2033,AGO,0.00337
2033,ALB,0.03919
2033,ARE,0.02230
2033,ARG,0.00000
2033,ARM,0.03258
2033,ATG,0.02480
2033,AUS,0.00000
2033,AUT,0.00000
2033,AZE,0.00450
2033,BDI,0.00045
2033,BEL,0.00000
2033,BEN,0.00274
2033,BFA,0.00301
2033,BGD,0.03877
2033,BGR,0.00000
2033,BHR,0.02447
2033,BHS,0.01164
2033,BIH,0.03002
2033,BLR,0.01307
2033,BLZ,0.00720
2033,BOL,0.00620
2033,BRA,0.00166
2033,BRB,0.01905
2033,BRN,0.04130
2033,BTN,0.01422
2033,BWA,0.02297
2033,CAF,0.00059
2033,CAN,0.00000
2033,CHE,0.00000
2033,CHL,0.00000
2033,CHN,0.00000
2033,CIV,0.00511
2033,CMR,0.00123
2033,COD,0.00039
2033,COG,0.00114
2033,COL,0.00000
2033,COM,0.00268
2033,CPV,0.00904
2033,CRI,0.03242
2033,CUB,0.00187
2033,CYP,0.00000
2033,CZE,0.00000
2033,DEU,0.00000
2033,DJI,0.00283
2033,DMA,0.02924
2033,DNK,0.00000
2033,DOM,0.01971
2033,DZA,0.00216
2033,ECU,0.00725
2033,EGY,0.00826
2033,ERI,0.00007
2033,ESP,0.00000
2033,EST,0.00000
2033,ETH,0.00115
2033,FIN,0.00000
2033,FJI,0.00699
2033,FRA,0.00000
2033,FSM,0.01073
2033,GAB,0.00448
2033,GBR,0.00000
2033,GEO,0.03177
2033,GHA,0.01324
2033,GIN,0.00153
2033,GMB,0.00105
2033,GNB,0.00119
2033,GNQ,0.00085
2033,GRC,0.00000
2033,GRD,0.01062
2033,GTM,0.02339
2033,GUY,0.00762
2033,HND,0.00886
2033,HRV,0.00000
2033,HTI,0.00173
2033,HUN,0.00000
2033,IDN,0.01237
2033,IND,0.01004
2033,IRL,0.00000
2033,IRN,0.00204
2033,IRQ,0.01579
2033,ISL,0.00000
2033,ISR,0.00166
2033,ITA,0.00000
2033,JAM,0.01828
2033,JOR,0.00756
2033,JPN,0.00000
2033,KAZ,0.00000
2033,KEN,0.00510
2033,KGZ,0.00856
2033,KHM,0.00370
2033,KIR,0.00658
2033,KNA,0.02788
2033,KOR,0.00000
2033,KOS,0.03179
2033,KWT,0.03642
2033,LAO,0.00496
2033,LBN,0.01595
2033,LBR,0.00261
2033,LBY,0.00916
2033,LCA,0.01732
2033,LKA,0.00490
2033,LSO,0.01134
2033,LTU,0.00000
2033,LUX,0.00000
2033,LVA,0.00000
2033,MAR,0.00090
2033,MDA,0.03207
2033,MDG,0.00331
2033,MDV,0.01036
2033,MEX,0.00000
2033,MHL,0.01223
2033,MKD,0.03355
2033,MLI,0.00398
2033,MLT,0.00000
2033,MMR,0.00351
2033,MNE,0.04010
2033,MNG,0.03376
2033,MOZ,0.00369
2033,MRT,0.00242
2033,MUS,0.04020
2033,MWI,0.00120
2033,MYS,0.03613
2033,NAM,0.01495
2033,NER,0.00178
2033,NGA,0.03509
2033,NIC,0.00820
2033,NLD,0.00000
2033,NOR,0.00000
2033,NPL,0.00403
2033,NZL,0.00000
2033,OMN,0.02742
2033,PAK,0.00030
2033,PAN,0.00079
2033,PER,0.02739
2033,PHL,0.01535
2033,PLW,0.03674
2033,PNG,0.00723
2033,POL,0.00000
2033,PRT,0.00000
2033,PRY,0.02661
2033,QAT,0.01645
2033,ROU,0.00000
2033,RUS,0.03017
2033,RWA,0.00309
2033,SAU,0.01803
2033,SDN,0.00068
2033,SEN,0.00506
2033,SGP,0.00000
2033,SLB,0.00438
2033,SLE,0.00181
2033,SLV,0.01524
2033,SMR,0.00366
2033,SOM,0.00027
2033,SRB,0.02287
2033,SSD,0.00081
2033,STP,0.00276
2033,SUR,0.01685
2033,SVK,0.00000
2033,SVN,0.00000
2033,SWE,0.00000
2033,SWZ,0.00325
2033,SYC,0.01878
2033,SYR,0.00029
2033,TCD,0.00111
2033,TGO,0.00131
2033,THA,0.00037
2033,TJK,0.00176
2033,TKM,0.00101
2033,TLS,0.01339
2033,TON,0.00959
2033,TTO,0.02365
2033,TUN,0.01541
2033,TUR,0.03208
2033,TUV,0.00666
2033,TZA,0.00197
2033,UGA,0.00170
2033,UKR,0.00000
2033,URY,0.03170
2033,USA,0.00000
2033,UZB,0.00250
2033,VCT,0.01318
2033,VNM,0.00035
2033,VUT,0.01139
2033,WSM,0.00940
2033,YEM,0.00109
2033,ZAF,0.00000
2033,ZMB,0.00381
2033,ZWE,0.00064
2034,AFG,0.00000
2034,AGO,0.00387
2034,ALB,0.03627
2034,ARE,0.02376
2034,ARG,0.00000
2034,ARM,0.03133
2034,ATG,0.02601
2034,AUS,0.00000
2034,AUT,0.00000
2034,AZE,0.00434
2034,BDI,0.00067
2034,BEL,0.00000
2034,BEN,0.00281
2034,BFA,0.00311
2034,BGD,0.03750
2034,BGR,0.00000
2034,BHR,0.02574
2034,BHS,0.01256
2034,BIH,0.02896
2034,BLR,0.01410
2034,BLZ,0.00762
2034,BOL,0.00681
2034,BRA,0.00173
2034,BRB,0.02003
2034,BRN,0.03923
2034,BTN,0.01432
2034,BWA,0.02284
2034,CAF,0.00061
2034,CAN,0.00000
2034,CHE,0.00000
2034,CHL,0.00000
2034,CHN,0.00000
2034,CIV,0.00612
2034,CMR,0.00131
2034,COD,0.00035
2034,COG,0.00091
2034,COL,0.00000
2034,COM,0.00242
2034,CPV,0.01001
2034,CRI,0.03266
2034,CUB,0.00216
2034,CYP,0.00000
2034,CZE,0.00000
2034,DEU,0.00000
2034,DJI,0.00335
2034,DMA,0.02983
2034,DNK,0.00000
2034,DOM,0.01981
2034,DZA,0.00212
2034,ECU,0.00757
2034,EGY,0.00857
2034,ERI,0.00011
2034,ESP,0.00000
2034,EST,0.00000
2034,ETH,0.00112
2034,FIN,0.00000
2034,FJI,0.00769
2034,FRA,0.00000
2034,FSM,0.01082
2034,GAB,0.00460
2034,GBR,0.00000
2034,GEO,0.02655
2034,GHA,0.01281
2034,GIN,0.00191
2034,GMB,0.00116
2034,GNB,0.00155
2034,GNQ,0.00082
2034,GRC,0.00000
2034,GRD,0.01131
2034,GTM,0.02367
2034,GUY,0.00792
2034,HND,0.00963
2034,HRV,0.00000
2034,HTI,0.00181
2034,HUN,0.00000
2034,IDN,0.01298
2034,IND,0.00997
2034,IRL,0.00000
2034,IRN,0.00243
2034,IRQ,0.01603
2034,ISL,0.00000
2034,ISR,0.00183
2034,ITA,0.00000
2034,JAM,0.01950
2034,JOR,0.00836
2034,JPN,0.00000
2034,KAZ,0.00000
2034,KEN,0.00494
2034,KGZ,0.00790
2034,KHM,0.00402
2034,KIR,0.00642
2034,KNA,0.02876
2034,KOR,0.00000
2034,KOS,0.03067
2034,KWT,0.03543
2034,LAO,0.00482
2034,LBN,0.01541
2034,LBR,0.00266
2034,LBY,0.00928
2034,LCA,0.01812
2034,LKA,0.00474
2034,LSO,0.01182
2034,LTU,0.00000
2034,LUX,0.00000
2034,LVA,0.00000
2034,MAR,0.00074
2034,MDA,0.03026
2034,MDG,0.00366
2034,MDV,0.01026
2034,MEX,0.00000
2034,MHL,0.01294
2034,MKD,0.02912
2034,MLI,0.00407
2034,MLT,0.00000
2034,MMR,0.00359
2034,MNE,0.03587
2034,MNG,0.03263
2034,MOZ,0.00382
2034,MRT,0.00214
2034,MUS,0.03702
2034,MWI,0.00139
2034,MYS,0.03379
2034,NAM,0.01609
2034,NER,0.00178
2034,NGA,0.03013
2034,NIC,0.00864
2034,NLD,0.00000
2034,NOR,0.00000
2034,NPL,0.00392
2034,NZL,0.00000
2034,OMN,0.02858
2034,PAK,0.00048
2034,PAN,0.00033
2034,PER,0.02707
2034,PHL,0.01543
2034,PLW,0.03342
2034,PNG,0.00665
2034,POL,0.00000
2034,PRT,0.00000
2034,PRY,0.02557
2034,QAT,0.01775
2034,ROU,0.00000
2034,RUS,0.03043
2034,RWA,0.00358
2034,SAU,0.01765
2034,SDN,0.00082
2034,SEN,0.00459
2034,SGP,0.00000
2034,SLB,0.00425
2034,SLE,0.00226
2034,SLV,0.01667
2034,SMR,0.00202
2034,SOM,0.00017
2034,SRB,0.01871
2034,SSD,0.00132
2034,STP,0.00329
2034,SUR,0.01795
2034,SVK,0.00000
2034,SVN,0.00000
2034,SWE,0.00000
2034,SWZ,0.00266
2034,SYC,0.01842
2034,SYR,0.00040
2034,TCD,0.00121
2034,TGO,0.00116
2034,THA,0.00035
2034,TJK,0.00193
2034,TKM,0.00108
2034,TLS,0.01401
2034,TON,0.00960
2034,TTO,0.02392
2034,TUN,0.01653
2034,TUR,0.03101
2034,TUV,0.00707
2034,TZA,0.00228
2034,UGA,0.00204
2034,UKR,0.00000
2034,URY,0.03183
2034,USA,0.00000
2034,UZB,0.00274
2034,VCT,0.01416
2034,VNM,0.00036
2034,VUT,0.01228
2034,WSM,0.00982
2034,YEM,0.00094
2034,ZAF,0.00000
2034,ZMB,0.00438
2034,ZWE,0.00050
2035,AFG,0.00000
2035,AGO,0.00402
2035,ALB,0.03269
2035,ARE,0.02441
2035,ARG,0.00000
2035,ARM,0.03134
2035,ATG,0.02751
2035,AUS,0.00000
2035,AUT,0.00000
2035,AZE,0.00435
2035,BDI,0.00060
2035,BEL,0.00000
2035,BEN,0.00284
2035,BFA,0.00329
2035,BGD,0.03408
2035,BGR,0.00000
2035,BHR,0.02499
2035,BHS,0.01342
2035,BIH,0.02836
2035,BLR,0.01300
2035,BLZ,0.00791
2035,BOL,0.00694
2035,BRA,0.00182
2035,BRB,0.02114
2035,BRN,0.03527
2035,BTN,0.01461
2035,BWA,0.02301
2035,CAF,0.00062
2035,CAN,0.00000
2035,CHE,0.00000
2035,CHL,0.00000
2035,CHN,0.00000
2035,CIV,0.00616
2035,CMR,0.00142
2035,COD,0.00040
2035,COG,0.00093
2035,COL,0.00000
2035,COM,0.00281
2035,CPV,0.01032
2035,CRI,0.03147
2035,CUB,0.00242
2035,CYP,0.00000
2035,CZE,0.00000
2035,DEU,0.00000
2035,DJI,0.00302
2035,DMA,0.03135
2035,DNK,0.00000
2035,DOM,0.01970
2035,DZA,0.00200
2035,ECU,0.00766
2035,EGY,0.00887
2035,ERI,0.00014
2035,ESP,0.00000
2035,EST,0.00000
2035,ETH,0.00117
2035,FIN,0.00000
2035,FJI,0.00800
2035,FRA,0.00000
2035,FSM,0.01127
2035,GAB,0.00434
2035,GBR,0.00000
2035,GEO,0.02238
2035,GHA,0.01355
2035,GIN,0.00177
2035,GMB,0.00115
2035,GNB,0.00122
2035,GNQ,0.00122
2035,GRC,0.00000
2035,GRD,0.01163
2035,GTM,0.02322
2035,GUY,0.00842
2035,HND,0.00973
2035,HRV,0.00000
2035,HTI,0.00201
2035,HUN,0.00000
2035,IDN,0.01290
2035,IND,0.01020
2035,IRL,0.00000
2035,IRN,0.00248
2035,IRQ,0.01639
2035,ISL,0.00000
2035,ISR,0.00184
2035,ITA,0.00000
2035,JAM,0.01931
2035,JOR,0.00815
2035,JPN,0.00000
2035,KAZ,0.00000
2035,KEN,0.00559
2035,KGZ,0.00875
2035,KHM,0.00405
2035,KIR,0.00688
2035,KNA,0.02924
2035,KOR,0.00000
2035,KOS,0.02970
2035,KWT,0.03393
2035,LAO,0.00508
2035,LBN,0.01484
2035,LBR,0.00243
2035,LBY,0.00964
2035,LCA,0.01893
2035,LKA,0.00491
2035,LSO,0.01186
2035,LTU,0.00000
2035,LUX,0.00000
2035,LVA,0.00000
2035,MAR,0.00066
2035,MDA,0.02901
2035,MDG,0.00364
2035,MDV,0.01090
2035,MEX,0.00000
2035,MHL,0.01244
2035,MKD,0.02489
2035,MLI,0.00395
2035,MLT,0.00000
2035,MMR,0.00413
2035,MNE,0.03246
2035,MNG,0.03137
2035,MOZ,0.00406
2035,MRT,0.00254
2035,MUS,0.03530
2035,MWI,0.00157
2035,MYS,0.03312
2035,NAM,0.01556
2035,NER,0.00182
2035,NGA,0.02560
2035,NIC,0.00845
2035,NLD,0.00000
2035,NOR,0.00000
2035,NPL,0.00452
2035,NZL,0.00000
2035,OMN,0.02847
2035,PAK,0.00047
2035,PAN,0.00014
2035,PER,0.02621
2035,PHL,0.01577
2035,PLW,0.02848
2035,PNG,0.00737
2035,POL,0.00000
2035,PRT,0.00000
2035,PRY,0.02564
2035,QAT,0.01841
2035,ROU,0.00000
2035,RUS,0.02879
2035,RWA,0.00375
2035,SAU,0.01872
2035,SDN,0.00063
2035,SEN,0.00512
2035,SGP,0.00000
2035,SLB,0.00450
2035,SLE,0.00235
2035,SLV,0.01603
2035,SMR,0.00144
2035,SOM,0.00025
2035,SRB,0.01443
2035,SSD,0.00111
2035,STP,0.00337
2035,SUR,0.01822
2035,SVK,0.00000
2035,SVN,0.00000
2035,SWE,0.00000
2035,SWZ,0.00272
2035,SYC,0.01924
2035,SYR,0.00044
2035,TCD,0.00124
2035,TGO,0.00163
2035,THA,0.00043
2035,TJK,0.00197
2035,TKM,0.00110
2035,TLS,0.01455
2035,TON,0.00994
2035,TTO,0.02492
2035,TUN,0.01519
2035,TUR,0.03003
2035,TUV,0.00784
2035,TZA,0.00234
2035,UGA,0.00195
2035,UKR,0.00000
2035,URY,0.03045
2035,USA,0.00000
2035,UZB,0.00282
2035,VCT,0.01493
2035,VNM,0.00042
2035,VUT,0.01213
2035,WSM,0.00949
2035,YEM,0.00102
2035,ZAF,0.00000
2035,ZMB,0.00445
2035,ZWE,0.00052
2036,AFG,0.00000
2036,AGO,0.00404
2036,ALB,0.02961
2036,ARE,0.02493
2036,ARG,0.00000
2036,ARM,0.03106
2036,ATG,0.02737
2036,AUS,0.00000
2036,AUT,0.00000
2036,AZE,0.00464
2036,BDI,0.00079
2036,BEL,0.00000
2036,BEN,0.00304
2036,BFA,0.00354
2036,BGD,0.03321
2036,BGR,0.00000
2036,BHR,0.02557
2036,BHS,0.01327
2036,BIH,0.02801
2036,BLR,0.01240
2036,BLZ,0.00809
2036,BOL,0.00669
2036,BRA,0.00196
2036,BRB,0.02207
2036,BRN,0.03138
2036,BTN,0.01453
2036,BWA,0.02245
2036,CAF,0.00054
2036,CAN,0.00000
2036,CHE,0.00000
2036,CHL,0.00000
2036,CHN,0.00000
2036,CIV,0.00644
2036,CMR,0.00142
2036,COD,0.00031
2036,COG,0.00110
2036,COL,0.00000
2036,COM,0.00285
2036,CPV,0.00940
2036,CRI,0.03081
2036,CUB,0.00252
2036,CYP,0.00000
2036,CZE,0.00000
2036,DEU,0.00000
2036,DJI,0.00374
2036,DMA,0.03240
2036,DNK,0.00000
2036,DOM,0.02066
2036,DZA,0.00208
2036,ECU,0.00779
2036,EGY,0.00851
2036,ERI,0.00008
2036,ESP,0.00000
2036,EST,0.00000
2036,ETH,0.00128
2036,FIN,0.00000
2036,FJI,0.00734
2036,FRA,0.00000
2036,FSM,0.01136
2036,GAB,0.00483
2036,GBR,0.00000
2036,GEO,0.01866
2036,GHA,0.01378
2036,GIN,0.00181
2036,GMB,0.00113
2036,GNB,0.00149
2036,GNQ,0.00121
2036,GRC,0.00000
2036,GRD,0.01274
2036,GTM,0.02272
2036,GUY,0.00903
2036,HND,0.00999
2036,HRV,0.00000
2036,HTI,0.00202
2036,HUN,0.00000
2036,IDN,0.01270
2036,IND,0.01015
2036,IRL,0.00000
2036,IRN,0.00219
2036,IRQ,0.01584
2036,ISL,0.00000
2036,ISR,0.00199
2036,ITA,0.00000
2036,JAM,0.01942
2036,JOR,0.00869
2036,JPN,0.00000
2036,KAZ,0.00000
2036,KEN,0.00502
2036,KGZ,0.00873
2036,KHM,0.00449
2036,KIR,0.00720
2036,KNA,0.03037
2036,KOR,0.00000
2036,KOS,0.02955
2036,KWT,0.03487
2036,LAO,0.00513
2036,LBN,0.01568
2036,LBR,0.00284
2036,LBY,0.00974
2036,LCA,0.02055
2036,LKA,0.00516
2036,LSO,0.01230
2036,LTU,0.00000
2036,LUX,0.00000
2036,LVA,0.00000
2036,MAR,0.00088
2036,MDA,0.02741
2036,MDG,0.00338
2036,MDV,0.01161
2036,MEX,0.00000
2036,MHL,0.01246
2036,MKD,0.01994
2036,MLI,0.00425
2036,MLT,0.00000
2036,MMR,0.00386
2036,MNE,0.02836
2036,MNG,0.03017
2036,MOZ,0.00407
2036,MRT,0.00265
2036,MUS,0.03390
2036,MWI,0.00176
2036,MYS,0.03199
2036,NAM,0.01604
2036,NER,0.00204
2036,NGA,0.02192
2036,NIC,0.00862
2036,NLD,0.00000
2036,NOR,0.00000
2036,NPL,0.00414
2036,NZL,0.00000
2036,OMN,0.02892
2036,PAK,0.00037
2036,PAN,0.00006
2036,PER,0.02596
2036,PHL,0.01512
2036,PLW,0.02455
2036,PNG,0.00708
2036,POL,0.00000
2036,PRT,0.00000
2036,PRY,0.02415
2036,QAT,0.01907
2036,ROU,0.00000
2036,RUS,0.02714
2036,RWA,0.00385
2036,SAU,0.01955
2036,SDN,0.00077
2036,SEN,0.00504
2036,SGP,0.00000
2036,SLB,0.00476
2036,SLE,0.00215
2036,SLV,0.01735
2036,SMR,0.00073
2036,SOM,0.00026
2036,SRB,0.01146
2036,SSD,0.00119
2036,STP,0.00330
2036,SUR,0.01972
2036,SVK,0.00000
2036,SVN,0.00000
2036,SWE,0.00000
2036,SWZ,0.00337
2036,SYC,0.01944
2036,SYR,0.00044
2036,TCD,0.00149
2036,TGO,0.00145
2036,THA,0.00041
2036,TJK,0.00208
2036,TKM,0.00123
2036,TLS,0.01398
2036,TON,0.00986
2036,TTO,0.02560
2036,TUN,0.01616
2036,TUR,0.02805
2036,TUV,0.00731
2036,TZA,0.00241
2036,UGA,0.00191
2036,UKR,0.00000
2036,URY,0.02950
2036,USA,0.00000
2036,UZB,0.00274
2036,VCT,0.01688
2036,VNM,0.00041
2036,VUT,0.01194
2036,WSM,0.00986
2036,YEM,0.00102
2036,ZAF,0.00000
2036,ZMB,0.00462
2036,ZWE,0.00051
2037,AFG,0.00000
2037,AGO,0.00394
2037,ALB,0.02615
2037,ARE,0.02364
2037,ARG,0.00000
2037,ARM,0.02972
2037,ATG,0.02927
2037,AUS,0.00000
2037,AUT,0.00000
2037,AZE,0.00484
2037,BDI,0.00070
2037,BEL,0.00000
2037,BEN,0.00316
2037,BFA,0.00354
2037,BGD,0.03085
2037,BGR,0.00000
2037,BHR,0.02577
2037,BHS,0.01348
2037,BIH,0.02564
2037,BLR,0.01282
2037,BLZ,0.00862
2037,BOL,0.00710
2037,BRA,0.00183
2037,BRB,0.02261
2037,BRN,0.02885
2037,BTN,0.01540
2037,BWA,0.02268
2037,CAF,0.00048
2037,CAN,0.00000
2037,CHE,0.00000
2037,CHL,0.00000
2037,CHN,0.00000
2037,CIV,0.00600
2037,CMR,0.00154
2037,COD,0.00034
2037,COG,0.00114
2037,COL,0.00000
2037,COM,0.00311
2037,CPV,0.01042
2037,CRI,0.03013
2037,CUB,0.00256
2037,CYP,0.00000
2037,CZE,0.00000
2037,DEU,0.00000
2037,DJI,0.00291
2037,DMA,0.03203
2037,DNK,0.00000
2037,DOM,0.02106
2037,DZA,0.00221
2037,ECU,0.00808
2037,EGY,0.00856
2037,ERI,0.00005
2037,ESP,0.00000
2037,EST,0.00000
2037,ETH,0.00145
2037,FIN,0.00000
2037,FJI,0.00818
2037,FRA,0.00000
2037,FSM,0.01166
2037,GAB,0.00464
2037,GBR,0.00000
2037,GEO,0.01609
2037,GHA,0.01442
2037,GIN,0.00197
2037,GMB,0.00123
2037,GNB,0.00140
2037,GNQ,0.00098
2037,GRC,0.00000
2037,GRD,0.01369
2037,GTM,0.02331
2037,GUY,0.00898
2037,HND,0.01004
2037,HRV,0.00000
2037,HTI,0.00171
2037,HUN,0.00000
2037,IDN,0.01360
2037,IND,0.00976
2037,IRL,0.00000
2037,IRN,0.00231
2037,IRQ,0.01675
2037,ISL,0.00000
2037,ISR,0.00182
2037,ITA,0.00000
2037,JAM,0.02002
2037,JOR,0.00835
2037,JPN,0.00000
2037,KAZ,0.00000
2037,KEN,0.00532
2037,KGZ,0.00885
2037,KHM,0.00428
2037,KIR,0.00754
2037,KNA,0.03146
2037,KOR,0.00000
2037,KOS,0.02776
2037,KWT,0.03354
2037,LAO,0.00509
2037,LBN,0.01607
2037,LBR,0.00314
2037,LBY,0.00984
2037,LCA,0.02056
2037,LKA,0.00561
2037,LSO,0.01180
2037,LTU,0.00000
2037,LUX,0.00000
2037,LVA,0.00000
2037,MAR,0.00095
2037,MDA,0.02635
2037,MDG,0.00385
2037,MDV,0.01161
2037,MEX,0.00000
2037,MHL,0.01294
2037,MKD,0.01850
2037,MLI,0.00408
2037,MLT,0.00000
2037,MMR,0.00408
2037,MNE,0.02477
2037,MNG,0.02901
2037,MOZ,0.00403
2037,MRT,0.00284
2037,MUS,0.03198
2037,MWI,0.00141
2037,MYS,0.03065
2037,NAM,0.01601
2037,NER,0.00184
2037,NGA,0.01904
2037,NIC,0.00931
2037,NLD,0.00000
2037,NOR,0.00000
2037,NPL,0.00454
2037,NZL,0.00000
2037,OMN,0.02835
2037,PAK,0.00039
2037,PAN,0.00009
2037,PER,0.02623
2037,PHL,0.01551
2037,PLW,0.02240
2037,PNG,0.00728
2037,POL,0.00000
2037,PRT,0.00000
2037,PRY,0.02525
2037,QAT,0.01971
2037,ROU,0.00000
2037,RUS,0.02584
2037,RWA,0.00357
2037,SAU,0.01959
2037,SDN,0.00086
2037,SEN,0.00553
2037,SGP,0.00000
2037,SLB,0.00488
2037,SLE,0.00217
2037,SLV,0.01796
2037,SMR,0.00053
2037,SOM,0.00024
2037,SRB,0.00946
2037,SSD,0.00120
2037,STP,0.00345
2037,SUR,0.01902
2037,SVK,0.00000
2037,SVN,0.00000
2037,SWE,0.00000
2037,SWZ,0.00332
2037,SYC,0.01928
2037,SYR,0.00043
2037,TCD,0.00153
2037,TGO,0.00156
2037,THA,0.00048
2037,TJK,0.00190
2037,TKM,0.00102
2037,TLS,0.01446
2037,TON,0.01054
2037,TTO,0.02532
2037,TUN,0.01587
2037,TUR,0.02651
2037,TUV,0.00769
2037,TZA,0.00249
2037,UGA,0.00179
2037,UKR,0.00000
2037,URY,0.02803
2037,USA,0.00000
2037,UZB,0.00289
2037,VCT,0.01842
2037,VNM,0.00044
2037,VUT,0.01313
2037,WSM,0.01001
2037,YEM,0.00088
2037,ZAF,0.00000
2037,ZMB,0.00432
2037,ZWE,0.00058
2038,AFG,0.00000
2038,AGO,0.00400
2038,ALB,0.02372
2038,ARE,0.02372
2038,ARG,0.00000
2038,ARM,0.02865
2038,ATG,0.02957
2038,AUS,0.00000
2038,AUT,0.00000
2038,AZE,0.00440
2038,BDI,0.00059
2038,BEL,0.00000
2038,BEN,0.00292
2038,BFA,0.00343
2038,BGD,0.02905
2038,BGR,0.00000
2038,BHR,0.02657
2038,BHS,0.01482
2038,BIH,0.02513
2038,BLR,0.01258
2038,BLZ,0.00845
2038,BOL,0.00735
2038,BRA,0.00188
2038,BRB,0.02404
2038,BRN,0.02657
2038,BTN,0.01598
2038,BWA,0.02261
2038,CAF,0.00067
2038,CAN,0.00000
2038,CHE,0.00000
2038,CHL,0.00000
2038,CHN,0.00000
2038,CIV,0.00611
2038,CMR,0.00134
2038,COD,0.00039
2038,COG,0.00106
2038,COL,0.00000
2038,COM,0.00320
2038,CPV,0.01048
2038,CRI,0.02887
2038,CUB,0.00243
2038,CYP,0.00000
2038,CZE,0.00000
2038,DEU,0.00000
2038,DJI,0.00344
2038,DMA,0.03306
2038,DNK,0.00000
2038,DOM,0.02057
2038,DZA,0.00224
2038,ECU,0.00793
2038,EGY,0.00887
2038,ERI,0.00011
2038,ESP,0.00000
2038,EST,0.00000
2038,ETH,0.00137
2038,FIN,0.00000
2038,FJI,0.00768
2038,FRA,0.00000
2038,FSM,0.01220
2038,GAB,0.00534
2038,GBR,0.00000
2038,GEO,0.01271
2038,GHA,0.01414
2038,GIN,0.00195
2038,GMB,0.00120
2038,GNB,0.00151
2038,GNQ,0.00120
2038,GRC,0.00000
2038,GRD,0.01397
2038,GTM,0.02408
2038,GUY,0.00987
2038,HND,0.01058
2038,HRV,0.00000
2038,HTI,0.00229
2038,HUN,0.00000
2038,IDN,0.01357
2038,IND,0.01099
2038,IRL,0.00000
2038,IRN,0.00236
2038,IRQ,0.01735
2038,ISL,0.00000
2038,ISR,0.00210
2038,ITA,0.00000
2038,JAM,0.02000
2038,JOR,0.00875
2038,JPN,0.00000
2038,KAZ,0.00000
2038,KEN,0.00558
2038,KGZ,0.00878
2038,KHM,0.00405
2038,KIR,0.00738
2038,KNA,0.03068
2038,KOR,0.00000
2038,KOS,0.02763
2038,KWT,0.03083
2038,LAO,0.00528
2038,LBN,0.01564
2038,LBR,0.00302
2038,LBY,0.01000
2038,LCA,0.02265
2038,LKA,0.00528
2038,LSO,0.01249
2038,LTU,0.00000
2038,LUX,0.00000
2038,LVA,0.00000
2038,MAR,0.00076
2038,MDA,0.02458
2038,MDG,0.00390
2038,MDV,0.01196
2038,MEX,0.00000
2038,MHL,0.01301
2038,MKD,0.01501
2038,MLI,0.00429
2038,MLT,0.00000
2038,MMR,0.00425
2038,MNE,0.02331
2038,MNG,0.02757
2038,MOZ,0.00425
2038,MRT,0.00287
2038,MUS,0.02863
2038,MWI,0.00152
2038,MYS,0.02845
2038,NAM,0.01615
2038,NER,0.00187
2038,NGA,0.01561
2038,NIC,0.00952
2038,NLD,0.00000
2038,NOR,0.00000
2038,NPL,0.00461
2038,NZL,0.00000
2038,OMN,0.02817
2038,PAK,0.00034
2038,PAN,0.00004
2038,PER,0.02505
2038,PHL,0.01580
2038,PLW,0.01859
2038,PNG,0.00768
2038,POL,0.00000
2038,PRT,0.00000
2038,PRY,0.02421
2038,QAT,0.02097
2038,ROU,0.00000
2038,RUS,0.02467
2038,RWA,0.00394
2038,SAU,0.01961
2038,SDN,0.00096
2038,SEN,0.00479
2038,SGP,0.00000
2038,SLB,0.00516
2038,SLE,0.00229
2038,SLV,0.01842
2038,SMR,0.00017
2038,SOM,0.00031
2038,SRB,0.00769
2038,SSD,0.00141
2038,STP,0.00357
2038,SUR,0.01906
2038,SVK,0.00000
2038,SVN,0.00000
2038,SWE,0.00000
2038,SWZ,0.00360
2038,SYC,0.01954
2038,SYR,0.00052
2038,TCD,0.00141
2038,TGO,0.00152
2038,THA,0.00044
2038,TJK,0.00192
2038,TKM,0.00125
2038,TLS,0.01478
2038,TON,0.01056
2038,TTO,0.02673
2038,TUN,0.01511
2038,TUR,0.02594
2038,TUV,0.00829
2038,TZA,0.00255
2038,UGA,0.00203
2038,UKR,0.00000
2038,URY,0.02691
2038,USA,0.00000
2038,UZB,0.00272
2038,VCT,0.01914
2038,VNM,0.00052
2038,VUT,0.01293
2038,WSM,0.01094
2038,YEM,0.00092
2038,ZAF,0.00000
2038,ZMB,0.00458
2038,ZWE,0.00052
2039,AFG,0.00000
2039,AGO,0.00424
2039,ALB,0.02121
2039,ARE,0.02488
2039,ARG,0.00000
2039,ARM,0.02720
2039,ATG,0.03076
2039,AUS,0.00000
2039,AUT,0.00000
2039,AZE,0.00472
2039,BDI,0.00076
2039,BEL,0.00000
2039,BEN,0.00319
2039,BFA,0.00372
2039,BGD,0.02795
2039,BGR,0.00000
2039,BHR,0.02552
2039,BHS,0.01425
2039,BIH,0.02420
2039,BLR,0.01263
2039,BLZ,0.00921
2039,BOL,0.00719
2039,BRA,0.00169
2039,BRB,0.02432
2039,BRN,0.02360
2039,BTN,0.01516
2039,BWA,0.02195
2039,CAF,0.00044
2039,CAN,0.00000
2039,CHE,0.00000
2039,CHL,0.00000
2039,CHN,0.00000
2039,CIV,0.00671
2039,CMR,0.00143
2039,COD,0.00042
2039,COG,0.00119
2039,COL,0.00000
2039,COM,0.00304
2039,CPV,0.01052
2039,CRI,0.02806
2039,CUB,0.00242
2039,CYP,0.00000
2039,CZE,0.00000
2039,DEU,0.00000
2039,DJI,0.00378
2039,DMA,0.03307
2039,DNK,0.00000
2039,DOM,0.02005
2039,DZA,0.00219
2039,ECU,0.00820
2039,EGY,0.00885
2039,ERI,0.00018
2039,ESP,0.00000
2039,EST,0.00000
2039,ETH,0.00151
2039,FIN,0.00000
2039,FJI,0.00829
2039,FRA,0.00000
2039,FSM,0.01229
2039,GAB,0.00473
2039,GBR,0.00000
2039,GEO,0.01033
2039,GHA,0.01416
2039,GIN,0.00197
2039,GMB,0.00150
2039,GNB,0.00156
2039,GNQ,0.00117
2039,GRC,0.00000
2039,GRD,0.01508
2039,GTM,0.02331
2039,GUY,0.00967
2039,HND,0.01145
2039,HRV,0.00000
2039,HTI,0.00226
2039,HUN,0.00000
2039,IDN,0.01404
2039,IND,0.01072
2039,IRL,0.00000
2039,IRN,0.00274
2039,IRQ,0.01712
2039,ISL,0.00000
2039,ISR,0.00196
2039,ITA,0.00000
2039,JAM,0.02060
2039,JOR,0.00917
2039,JPN,0.00000
2039,KAZ,0.00000
2039,KEN,0.00592
2039,KGZ,0.00904
2039,KHM,0.00455
2039,KIR,0.00770
2039,KNA,0.03165
2039,KOR,0.00000
2039,KOS,0.02609
2039,KWT,0.03086
2039,LAO,0.00559
2039,LBN,0.01648
2039,LBR,0.00322
2039,LBY,0.01018
2039,LCA,0.02335
2039,LKA,0.00545
2039,LSO,0.01242
2039,LTU,0.00000
2039,LUX,0.00000
2039,LVA,0.00000
2039,MAR,0.00072
2039,MDA,0.02399
2039,MDG,0.00424
2039,MDV,0.01187
2039,MEX,0.00000
2039,MHL,0.01238
2039,MKD,0.01264
2039,MLI,0.00440
2039,MLT,0.00000
2039,MMR,0.00410
2039,MNE,0.01941
2039,MNG,0.02615
2039,MOZ,0.00464
2039,MRT,0.00299
2039,MUS,0.02724
2039,MWI,0.00134
2039,MYS,0.02762
2039,NAM,0.01715
2039,NER,0.00202
2039,NGA,0.01251
2039,NIC,0.00954
2039,NLD,0.00000
2039,NOR,0.00000
2039,NPL,0.00485
2039,NZL,0.00000
2039,OMN,0.02704
2039,PAK,0.00054
2039,PAN,0.00000
2039,PER,0.02441
2039,PHL,0.01482
2039,PLW,0.01574
2039,PNG,0.00740
2039,POL,0.00000
2039,PRT,0.00000
2039,PRY,0.02435
2039,QAT,0.02031
2039,ROU,0.00000
2039,RUS,0.02457
2039,RWA,0.00411
2039,SAU,0.01922
2039,SDN,0.00095
2039,SEN,0.00538
2039,SGP,0.00000
2039,SLB,0.00478
2039,SLE,0.00250
2039,SLV,0.01881
2039,SMR,0.00017
2039,SOM,0.00026
2039,SRB,0.00581
2039,SSD,0.00141
2039,STP,0.00335
2039,SUR,0.02026
2039,SVK,0.00000
2039,SVN,0.00000
2039,SWE,0.00000
2039,SWZ,0.00374
2039,SYC,0.01838
2039,SYR,0.00048
2039,TCD,0.00127
2039,TGO,0.00158
2039,THA,0.00047
2039,TJK,0.00200
2039,TKM,0.00123
2039,TLS,0.01419
2039,TON,0.01088
2039,TTO,0.02734
2039,TUN,0.01492
2039,TUR,0.02424
2039,TUV,0.00803
2039,TZA,0.00231
2039,UGA,0.00234
2039,UKR,0.00000
2039,URY,0.02535
2039,USA,0.00000
2039,UZB,0.00284
2039,VCT,0.01889
2039,VNM,0.00051
2039,VUT,0.01314
2039,WSM,0.01088
2039,YEM,0.00121
2039,ZAF,0.00000
2039,ZMB,0.00489
2039,ZWE,0.00051
2040,AFG,0.00000
2040,AGO,0.00427
2040,ALB,0.01864
2040,ARE,0.02397
2040,ARG,0.00000
2040,ARM,0.02681
2040,ATG,0.02972
2040,AUS,0.00000
2040,AUT,0.00000
2040,AZE,0.00480
2040,BDI,0.00079
2040,BEL,0.00000
2040,BEN,0.00306
2040,BFA,0.00362
2040,BGD,0.02579
2040,BGR,0.00000
2040,BHR,0.02562
2040,BHS,0.01469
2040,BIH,0.02245
2040,BLR,0.01233
2040,BLZ,0.00968
2040,BOL,0.00824
2040,BRA,0.00223
2040,BRB,0.02563
2040,BRN,0.02048
2040,BTN,0.01614
2040,BWA,0.02205
2040,CAF,0.00055
2040,CAN,0.00000
2040,CHE,0.00000
2040,CHL,0.00000
2040,CHN,0.00000
2040,CIV,0.00693
2040,CMR,0.00141
2040,COD,0.00033
2040,COG,0.00133
2040,COL,0.00000
2040,COM,0.00355
2040,CPV,0.01077
2040,CRI,0.02737
2040,CUB,0.00298
2040,CYP,0.00000
2040,CZE,0.00000
2040,DEU,0.00000
2040,DJI,0.00370
2040,DMA,0.03291
2040,DNK,0.00000
2040,DOM,0.02041
2040,DZA,0.00237
2040,ECU,0.00857
2040,EGY,0.00879
2040,ERI,0.00013
2040,ESP,0.00000
2040,EST,0.00000
2040,ETH,0.00159
2040,FIN,0.00000
2040,FJI,0.00818
2040,FRA,0.00000
2040,FSM,0.01244
2040,GAB,0.00545
2040,GBR,0.00000
2040,GEO,0.00785
2040,GHA,0.01428
2040,GIN,0.00197
2040,GMB,0.00142
2040,GNB,0.00161
2040,GNQ,0.00124
2040,GRC,0.00000
2040,GRD,0.01606
2040,GTM,0.02273
2040,GUY,0.01023
2040,HND,0.01108
2040,HRV,0.00000
2040,HTI,0.00219
2040,HUN,0.00000
2040,IDN,0.01303
2040,IND,0.01066
2040,IRL,0.00000
2040,IRN,0.00274
2040,IRQ,0.01738
2040,ISL,0.00000
2040,ISR,0.00198
2040,ITA,0.00000
2040,JAM,0.02115
2040,JOR,0.00882
2040,JPN,0.00000
2040,KAZ,0.00000
2040,KEN,0.00626
2040,KGZ,0.00890
2040,KHM,0.00484
2040,KIR,0.00807
2040,KNA,0.03150
2040,KOR,0.00000
2040,KOS,0.02588
2040,KWT,0.02938
2040,LAO,0.00554
2040,LBN,0.01584
2040,LBR,0.00346
2040,LBY,0.00997
2040,LCA,0.02421
2040,LKA,0.00557
2040,LSO,0.01269
2040,LTU,0.00000
2040,LUX,0.00000
2040,LVA,0.00000
2040,MAR,0.00085
2040,MDA,0.02277
2040,MDG,0.00400
2040,MDV,0.01202
2040,MEX,0.00000
2040,MHL,0.01330
2040,MKD,0.01068
2040,MLI,0.00467
2040,MLT,0.00000
2040,MMR,0.00459
2040,MNE,0.01875
2040,MNG,0.02400
2040,MOZ,0.00437
2040,MRT,0.00270
2040,MUS,0.02474
2040,MWI,0.00176
2040,MYS,0.02657
2040,NAM,0.01633
2040,NER,0.00183
2040,NGA,0.01088
2040,NIC,0.00969
2040,NLD,0.00000
2040,NOR,0.00000
2040,NPL,0.00486
2040,NZL,0.00000
2040,OMN,0.02767
2040,PAK,0.00043
2040,PAN,0.00000
2040,PER,0.02348
2040,PHL,0.01569
2040,PLW,0.01317
2040,PNG,0.00773
2040,POL,0.00000
2040,PRT,0.00000
2040,PRY,0.02396
2040,QAT,0.02139
2040,ROU,0.00000
2040,RUS,0.02372
2040,RWA,0.00376
2040,SAU,0.01946
2040,SDN,0.00099
2040,SEN,0.00579
2040,SGP,0.00000
2040,SLB,0.00512
2040,SLE,0.00239
2040,SLV,0.01895
2040,SMR,0.00011
2040,SOM,0.00029
2040,SRB,0.00432
2040,SSD,0.00109
2040,STP,0.00359
2040,SUR,0.01957
2040,SVK,0.00000
2040,SVN,0.00000
2040,SWE,0.00000
2040,SWZ,0.00327
2040,SYC,0.02017
2040,SYR,0.00046
2040,TCD,0.00148
2040,TGO,0.00188
2040,THA,0.00053
2040,TJK,0.00211
2040,TKM,0.00111
2040,TLS,0.01501
2040,TON,0.01079
2040,TTO,0.02615
2040,TUN,0.01628
2040,TUR,0.02371
2040,TUV,0.00809
2040,TZA,0.00277
2040,UGA,0.00255
2040,UKR,0.00000
2040,URY,0.02397
2040,USA,0.00000
2040,UZB,0.00306
2040,VCT,0.02061
2040,VNM,0.00059
2040,VUT,0.01348
2040,WSM,0.01191
2040,YEM,0.00147
2040,ZAF,0.00000
2040,ZMB,0.00542
2040,ZWE,0.00069
2041,AFG,0.00000
2041,AGO,0.00450
2041,ALB,0.01676
2041,ARE,0.02474
2041,ARG,0.00000
2041,ARM,0.02569
2041,ATG,0.02993
2041,AUS,0.00000
2041,AUT,0.00000
2041,AZE,0.00491
2041,BDI,0.00089
2041,BEL,0.00000
2041,BEN,0.00339
2041,BFA,0.00376
2041,BGD,0.02462
2041,BGR,0.00000
2041,BHR,0.02675
2041,BHS,0.01509
2041,BIH,0.02224
2041,BLR,0.01318
2041,BLZ,0.00955
2041,BOL,0.00777
2041,BRA,0.00201
2041,BRB,0.02625
2041,BRN,0.01837
2041,BTN,0.01560
2041,BWA,0.02134
2041,CAF,0.00060
2041,CAN,0.00000
2041,CHE,0.00000
2041,CHL,0.00000
2041,CHN,0.00000
2041,CIV,0.00647
2041,CMR,0.00168
2041,COD,0.00037
2041,COG,0.00155
2041,COL,0.00000
2041,COM,0.00323
2041,CPV,0.01095
2041,CRI,0.02562
2041,CUB,0.00303
2041,CYP,0.00000
2041,CZE,0.00000
2041,DEU,0.00000
2041,DJI,0.00388
2041,DMA,0.03305
2041,DNK,0.00000
2041,DOM,0.02067
2041,DZA,0.00224
2041,ECU,0.00901
2041,EGY,0.00922
2041,ERI,0.00010
2041,ESP,0.00000
2041,EST,0.00000
2041,ETH,0.00149
2041,FIN,0.00000
2041,FJI,0.00860
2041,FRA,0.00000
2041,FSM,0.01267
2041,GAB,0.00562
2041,GBR,0.00000
2041,GEO,0.00706
2041,GHA,0.01465
2041,GIN,0.00196
2041,GMB,0.00131
2041,GNB,0.00194
2041,GNQ,0.00115
2041,GRC,0.00000
2041,GRD,0.01604
2041,GTM,0.02310
2041,GUY,0.00992
2041,HND,0.01063
2041,HRV,0.00000
2041,HTI,0.00246
2041,HUN,0.00000
2041,IDN,0.01396
2041,IND,0.01111
2041,IRL,0.00000
2041,IRN,0.00283
2041,IRQ,0.01667
2041,ISL,0.00000
2041,ISR,0.00203
2041,ITA,0.00000
2041,JAM,0.02119
2041,JOR,0.00936
2041,JPN,0.00000
2041,KAZ,0.00000
2041,KEN,0.00577
2041,KGZ,0.00883
2041,KHM,0.00459
2041,KIR,0.00856
2041,KNA,0.03077
2041,KOR,0.00000
2041,KOS,0.02470
2041,KWT,0.02873
2041,LAO,0.00580
2041,LBN,0.01660
2041,LBR,0.00331
2041,LBY,0.00953
2041,LCA,0.02347
2041,LKA,0.00563
2041,LSO,0.01284
2041,LTU,0.00000
2041,LUX,0.00000
2041,LVA,0.00000
2041,MAR,0.00077
2041,MDA,0.02157
2041,MDG,0.00415
2041,MDV,0.01246
2041,MEX,0.00000
2041,MHL,0.01317
2041,MKD,0.00875
2041,MLI,0.00449
2041,MLT,0.00000
2041,MMR,0.00415
2041,MNE,0.01648
2041,MNG,0.02407
2041,MOZ,0.00492
2041,MRT,0.00313
2041,MUS,0.02322
2041,MWI,0.00148
2041,MYS,0.02413
2041,NAM,0.01632
2041,NER,0.00225
2041,NGA,0.00938
2041,NIC,0.01028
2041,NLD,0.00000
2041,NOR,0.00000
2041,NPL,0.00508
2041,NZL,0.00000
2041,OMN,0.02663
2041,PAK,0.00043
2041,PAN,0.00001
2041,PER,0.02323
2041,PHL,0.01538
2041,PLW,0.01039
2041,PNG,0.00798
2041,POL,0.00000
2041,PRT,0.00000
2041,PRY,0.02336
2041,QAT,0.02098
2041,ROU,0.00000
2041,RUS,0.02247
2041,RWA,0.00463
2041,SAU,0.01966
2041,SDN,0.00104
2041,SEN,0.00590
2041,SGP,0.00000
2041,SLB,0.00517
2041,SLE,0.00259
2041,SLV,0.01878
2041,SMR,0.00005
2041,SOM,0.00029
2041,SRB,0.00351
2041,SSD,0.00138
2041,STP,0.00394
2041,SUR,0.01950
2041,SVK,0.00000
2041,SVN,0.00000
2041,SWE,0.00000
2041,SWZ,0.00363
2041,SYC,0.02076
2041,SYR,0.00040
2041,TCD,0.00144
2041,TGO,0.00190
2041,THA,0.00056
2041,TJK,0.00218
2041,TKM,0.00117
2041,TLS,0.01498
2041,TON,0.01090
2041,TTO,0.02706
2041,TUN,0.01445
2041,TUR,0.02287
2041,TUV,0.00831
2041,TZA,0.00249
2041,UGA,0.00243
2041,UKR,0.00000
2041,URY,0.02376
2041,USA,0.00000
2041,UZB,0.00289
2041,VCT,0.02142
2041,VNM,0.00049
2041,VUT,0.01331
2041,WSM,0.01107
2041,YEM,0.00107
2041,ZAF,0.00000
2041,ZMB,0.00507
2041,ZWE,0.00060
2042,AFG,0.00000
2042,AGO,0.00467
2042,ALB,0.01537
2042,ARE,0.02450
2042,ARG,0.00000
2042,ARM,0.02443
2042,ATG,0.02982
2042,AUS,0.00000
2042,AUT,0.00000
2042,AZE,0.00517
2042,BDI,0.00074
2042,BEL,0.00000
2042,BEN,0.00365
2042,BFA,0.00400
2042,BGD,0.02325
2042,BGR,0.00000
2042,BHR,0.02695
2042,BHS,0.01497
2042,BIH,0.02012
2042,BLR,0.01216
2042,BLZ,0.00990
2042,BOL,0.00762
2042,BRA,0.00202
2042,BRB,0.02662
2042,BRN,0.01566
2042,BTN,0.01606
2042,BWA,0.02195
2042,CAF,0.00072
2042,CAN,0.00000
2042,CHE,0.00000
2042,CHL,0.00000
2042,CHN,0.00000
2042,CIV,0.00706
2042,CMR,0.00179
2042,COD,0.00050
2042,COG,0.00115
2042,COL,0.00000
2042,COM,0.00356
2042,CPV,0.01086
2042,CRI,0.02522
2042,CUB,0.00267
2042,CYP,0.00000
2042,CZE,0.00000
2042,DEU,0.00000
2042,DJI,0.00395
2042,DMA,0.03067
2042,DNK,0.00000
2042,DOM,0.01996
2042,DZA,0.00206
2042,ECU,0.00913
2042,EGY,0.00912
2042,ERI,0.00008
2042,ESP,0.00000
2042,EST,0.00000
2042,ETH,0.00149
2042,FIN,0.00000
2042,FJI,0.00873
2042,FRA,0.00000
2042,FSM,0.01261
2042,GAB,0.00557
2042,GBR,0.00000
2042,GEO,0.00602
2042,GHA,0.01432
2042,GIN,0.00217
2042,GMB,0.00131
2042,GNB,0.00197
2042,GNQ,0.00144
2042,GRC,0.00000
2042,GRD,0.01624
2042,GTM,0.02415
2042,GUY,0.01046
2042,HND,0.01181
2042,HRV,0.00000
2042,HTI,0.00256
2042,HUN,0.00000
2042,IDN,0.01423
2042,IND,0.01105
2042,IRL,0.00000
2042,IRN,0.00277
2042,IRQ,0.01774
2042,ISL,0.00000
2042,ISR,0.00207
2042,ITA,0.00000
2042,JAM,0.02052
2042,JOR,0.00928
2042,JPN,0.00000
2042,KAZ,0.00000
2042,KEN,0.00620
2042,KGZ,0.00925
2042,KHM,0.00473
2042,KIR,0.00827
2042,KNA,0.03061
2042,KOR,0.00000
2042,KOS,0.02298
2042,KWT,0.02597
2042,LAO,0.00572
2042,LBN,0.01566
2042,LBR,0.00321
2042,LBY,0.01076
2042,LCA,0.02545
2042,LKA,0.00653
2042,LSO,0.01267
2042,LTU,0.00000
2042,LUX,0.00000
2042,LVA,0.00000
2042,MAR,0.00086
2042,MDA,0.02021
2042,MDG,0.00432
2042,MDV,0.01205
2042,MEX,0.00000
2042,MHL,0.01353
2042,MKD,0.00752
2042,MLI,0.00491
2042,MLT,0.00000
2042,MMR,0.00474
2042,MNE,0.01420
2042,MNG,0.02221
2042,MOZ,0.00444
2042,MRT,0.00297
2042,MUS,0.02086
2042,MWI,0.00182
2042,MYS,0.02364
2042,NAM,0.01651
2042,NER,0.00214
2042,NGA,0.00723
2042,NIC,0.00998
2042,NLD,0.00000
2042,NOR,0.00000
2042,NPL,0.00509
2042,NZL,0.00000
2042,OMN,0.02601
2042,PAK,0.00061
2042,PAN,0.00000
2042,PER,0.02359
2042,PHL,0.01613
2042,PLW,0.00922
2042,PNG,0.00754
2042,POL,0.00000
2042,PRT,0.00000
2042,PRY,0.02147
2042,QAT,0.02070
2042,ROU,0.00000
2042,RUS,0.02119
2042,RWA,0.00416
2042,SAU,0.01968
2042,SDN,0.00091
2042,SEN,0.00598
2042,SGP,0.00000
2042,SLB,0.00544
2042,SLE,0.00266
2042,SLV,0.01893
2042,SMR,0.00004
2042,SOM,0.00036
2042,SRB,0.00299
2042,SSD,0.00133
2042,STP,0.00389
2042,SUR,0.01970
2042,SVK,0.00000
2042,SVN,0.00000
2042,SWE,0.00000
2042,SWZ,0.00389
2042,SYC,0.01889
2042,SYR,0.00033
2042,TCD,0.00135
2042,TGO,0.00184
2042,THA,0.00045
2042,TJK,0.00233
2042,TKM,0.00129
2042,TLS,0.01512
2042,TON,0.01102
2042,TTO,0.02652
2042,TUN,0.01518
2042,TUR,0.02091
2042,TUV,0.00902
2042,TZA,0.00268
2042,UGA,0.00244
2042,UKR,0.00000
2042,URY,0.02258
2042,USA,0.00000
2042,UZB,0.00280
2042,VCT,0.02265
2042,VNM,0.00047
2042,VUT,0.01357
2042,WSM,0.01122
2042,YEM,0.00128
2042,ZAF,0.00000
2042,ZMB,0.00548
2042,ZWE,0.00055
2043,AFG,0.00000
2043,AGO,0.00476
2043,ALB,0.01333
2043,ARE,0.02458
2043,ARG,0.00000
2043,ARM,0.02339
2043,ATG,0.02982
2043,AUS,0.00000
2043,AUT,0.00000
2043,AZE,0.00516
2043,BDI,0.00091
2043,BEL,0.00000
2043,BEN,0.00371
2043,BFA,0.00431
2043,BGD,0.02111
2043,BGR,0.00000
2043,BHR,0.02535
2043,BHS,0.01497
2043,BIH,0.01990
2043,BLR,0.01196
2043,BLZ,0.01040
2043,BOL,0.00762
2043,BRA,0.00195
2043,BRB,0.02628
2043,BRN,0.01458
2043,BTN,0.01562
2043,BWA,0.02157
2043,CAF,0.00059
2043,CAN,0.00000
2043,CHE,0.00000
2043,CHL,0.00000
2043,CHN,0.00000
2043,CIV,0.00666
2043,CMR,0.00145
2043,COD,0.00048
2043,COG,0.00134
2043,COL,0.00000
2043,COM,0.00367
2043,CPV,0.01138
2043,CRI,0.02433
2043,CUB,0.00320
2043,CYP,0.00000
2043,CZE,0.00000
2043,DEU,0.00000
2043,DJI,0.00418
2043,DMA,0.03055
2043,DNK,0.00000
2043,DOM,0.02054
2043,DZA,0.00227
2043,ECU,0.00881
2043,EGY,0.00883
2043,ERI,0.00010
2043,ESP,0.00000
2043,EST,0.00000
2043,ETH,0.00170
2043,FIN,0.00000
2043,FJI,0.00877
2043,FRA,0.00000
2043,FSM,0.01242
2043,GAB,0.00575
2043,GBR,0.00000
2043,GEO,0.00433
2043,GHA,0.01422
2043,GIN,0.00232
2043,GMB,0.00151
2043,GNB,0.00186
2043,GNQ,0.00121
2043,GRC,0.00000
2043,GRD,0.01807
2043,GTM,0.02230
2043,GUY,0.01073
2043,HND,0.01252
2043,HRV,0.00000
2043,HTI,0.00268
2043,HUN,0.00000
2043,IDN,0.01362
2043,IND,0.01112
2043,IRL,0.00000
2043,IRN,0.00299
2043,IRQ,0.01727
2043,ISL,0.00000
2043,ISR,0.00209
2043,ITA,0.00000
2043,JAM,0.02101
2043,JOR,0.00988
2043,JPN,0.00000
2043,KAZ,0.00000
2043,KEN,0.00656
2043,KGZ,0.00975
2043,KHM,0.00491
2043,KIR,0.00855
2043,KNA,0.03066
2043,KOR,0.00000
2043,KOS,0.02219
2043,KWT,0.02475
2043,LAO,0.00539
2043,LBN,0.01601
2043,LBR,0.00359
2043,LBY,0.01050
2043,LCA,0.02618
2043,LKA,0.00599
2043,LSO,0.01378
2043,LTU,0.00000
2043,LUX,0.00000
2043,LVA,0.00000
2043,MAR,0.00083
2043,MDA,0.01901
2043,MDG,0.00397
2043,MDV,0.01244
2043,MEX,0.00000
2043,MHL,0.01374
2043,MKD,0.00553
2043,MLI,0.00478
2043,MLT,0.00000
2043,MMR,0.00472
2043,MNE,0.01237
2043,MNG,0.02066
2043,MOZ,0.00485
2043,MRT,0.00301
2043,MUS,0.01878
2043,MWI,0.00180
2043,MYS,0.02184
2043,NAM,0.01714
2043,NER,0.00207
2043,NGA,0.00569
2043,NIC,0.01093
2043,NLD,0.00000
2043,NOR,0.00000
2043,NPL,0.00495
2043,NZL,0.00000
2043,OMN,0.02573
2043,PAK,0.00051
2043,PAN,0.00000
2043,PER,0.02159
2043,PHL,0.01569
2043,PLW,0.00746
2043,PNG,0.00818
2043,POL,0.00000
2043,PRT,0.00000
2043,PRY,0.02188
2043,QAT,0.02029
2043,ROU,0.00000
2043,RUS,0.02016
2043,RWA,0.00455
2043,SAU,0.01947
2043,SDN,0.00111
2043,SEN,0.00622
2043,SGP,0.00000
2043,SLB,0.00554
2043,SLE,0.00287
2043,SLV,0.01895
2043,SMR,0.00002
2043,SOM,0.00026
2043,SRB,0.00208
2043,SSD,0.00112
2043,STP,0.00380
2043,SUR,0.02037
2043,SVK,0.00000
2043,SVN,0.00000
2043,SWE,0.00000
2043,SWZ,0.00393
2043,SYC,0.01877
2043,SYR,0.00038
2043,TCD,0.00148
2043,TGO,0.00218
2043,THA,0.00049
2043,TJK,0.00203
2043,TKM,0.00139
2043,TLS,0.01536
2043,TON,0.01131
2043,TTO,0.02632
2043,TUN,0.01501
2043,TUR,0.01985
2043,TUV,0.00907
2043,TZA,0.00274
2043,UGA,0.00239
2043,UKR,0.00000
2043,URY,0.02115
2043,USA,0.00000
2043,UZB,0.00317
2043,VCT,0.02222
2043,VNM,0.00058
2043,VUT,0.01403
2043,WSM,0.01157
2043,YEM,0.00128
2043,ZAF,0.00000
2043,ZMB,0.00551
2043,ZWE,0.00080
2044,AFG,0.00000
2044,AGO,0.00483
2044,ALB,0.01179
2044,ARE,0.02338
2044,ARG,0.00000
2044,ARM,0.02124
2044,ATG,0.03065
2044,AUS,0.00000
2044,AUT,0.00000
2044,AZE,0.00561
2044,BDI,0.00065
2044,BEL,0.00000
2044,BEN,0.00362
2044,BFA,0.00390
2044,BGD,0.01979
2044,BGR,0.00000
2044,BHR,0.02584
2044,BHS,0.01501
2044,BIH,0.01899
2044,BLR,0.01203
2044,BLZ,0.01046
2044,BOL,0.00826
2044,BRA,0.00236
2044,BRB,0.02623
2044,BRN,0.01233
2044,BTN,0.01512
2044,BWA,0.02046
2044,CAF,0.00065
2044,CAN,0.00000
2044,CHE,0.00000
2044,CHL,0.00000
2044,CHN,0.00000
2044,CIV,0.00732
2044,CMR,0.00158
2044,COD,0.00045
2044,COG,0.00154
2044,COL,0.00000
2044,COM,0.00379
2044,CPV,0.01121
2044,CRI,0.02335
2044,CUB,0.00311
2044,CYP,0.00000
2044,CZE,0.00000
2044,DEU,0.00000
2044,DJI,0.00395
2044,DMA,0.03121
2044,DNK,0.00000
2044,DOM,0.02114
2044,DZA,0.00230
2044,ECU,0.00816
2044,EGY,0.00952
2044,ERI,0.00018
2044,ESP,0.00000
2044,EST,0.00000
2044,ETH,0.00158
2044,FIN,0.00000
2044,FJI,0.00853
2044,FRA,0.00000
2044,FSM,0.01269
2044,GAB,0.00570
2044,GBR,0.00000
2044,GEO,0.00390
2044,GHA,0.01502
2044,GIN,0.00208
2044,GMB,0.00164
2044,GNB,0.00178
2044,GNQ,0.00127
2044,GRC,0.00000
2044,GRD,0.01805
2044,GTM,0.02317
2044,GUY,0.01091
2044,HND,0.01238
2044,HRV,0.00000
2044,HTI,0.00285
2044,HUN,0.00000
2044,IDN,0.01374
2044,IND,0.01124
2044,IRL,0.00000
2044,IRN,0.00291
2044,IRQ,0.01765
2044,ISL,0.00000
2044,ISR,0.00184
2044,ITA,0.00000
2044,JAM,0.02070
2044,JOR,0.00948
2044,JPN,0.00000
2044,KAZ,0.00000
2044,KEN,0.00623
2044,KGZ,0.00976
2044,KHM,0.00534
2044,KIR,0.00881
2044,KNA,0.03051
2044,KOR,0.00000
2044,KOS,0.02037
2044,KWT,0.02298
2044,LAO,0.00562
2044,LBN,0.01627
2044,LBR,0.00387
2044,LBY,0.01068
2044,LCA,0.02621
2044,LKA,0.00609
2044,LSO,0.01325
2044,LTU,0.00000
2044,LUX,0.00000
2044,LVA,0.00000
2044,MAR,0.00093
2044,MDA,0.01854
2044,MDG,0.00433
2044,MDV,0.01214
2044,MEX,0.00000
2044,MHL,0.01341
2044,MKD,0.00456
2044,MLI,0.00448
2044,MLT,0.00000
2044,MMR,0.00453
2044,MNE,0.01029
2044,MNG,0.01987
2044,MOZ,0.00464
2044,MRT,0.00306
2044,MUS,0.01730
2044,MWI,0.00198
2044,MYS,0.02016
2044,NAM,0.01646
2044,NER,0.00204
2044,NGA,0.00442
2044,NIC,0.01076
2044,NLD,0.00000
2044,NOR,0.00000
2044,NPL,0.00535
2044,NZL,0.00000
2044,OMN,0.02460
2044,PAK,0.00057
2044,PAN,0.00000
2044,PER,0.02204
2044,PHL,0.01541
2044,PLW,0.00662
2044,PNG,0.00762
2044,POL,0.00000
2044,PRT,0.00000
2044,PRY,0.02132
2044,QAT,0.02164
2044,ROU,0.00000
2044,RUS,0.01827
2044,RWA,0.00461
2044,SAU,0.01923
2044,SDN,0.00097
2044,SEN,0.00650
2044,SGP,0.00000
2044,SLB,0.00530
2044,SLE,0.00256
2044,SLV,0.01892
2044,SMR,0.00001
2044,SOM,0.00031
2044,SRB,0.00190
2044,SSD,0.00147
2044,STP,0.00390
2044,SUR,0.02013
2044,SVK,0.00000
2044,SVN,0.00000
2044,SWE,0.00000
2044,SWZ,0.00380
2044,SYC,0.01947
2044,SYR,0.00050
2044,TCD,0.00151
2044,TGO,0.00178
2044,THA,0.00043
2044,TJK,0.00206
2044,TKM,0.00143
2044,TLS,0.01446
2044,TON,0.01116
2044,TTO,0.02600
2044,TUN,0.01475
2044,TUR,0.01861
2044,TUV,0.00917
2044,TZA,0.00268
2044,UGA,0.00259
2044,UKR,0.00000
2044,URY,0.02034
2044,USA,0.00000
2044,UZB,0.00309
2044,VCT,0.02413
2044,VNM,0.00060
2044,VUT,0.01379
2044,WSM,0.01136
2044,YEM,0.00129
2044,ZAF,0.00000
2044,ZMB,0.00551
2044,ZWE,0.00076
2045,AFG,0.00000
2045,AGO,0.00484
2045,ALB,0.01011
2045,ARE,0.02394
2045,ARG,0.00000
2045,ARM,0.02113
2045,ATG,0.02986
2045,AUS,0.00000
2045,AUT,0.00000
2045,AZE,0.00516
2045,BDI,0.00083
2045,BEL,0.00000
2045,BEN,0.00384
2045,BFA,0.00433
2045,BGD,0.01783
2045,BGR,0.00000
2045,BHR,0.02464
2045,BHS,0.01541
2045,BIH,0.01728
2045,BLR,0.01198
2045,BLZ,0.01061
2045,BOL,0.00806
2045,BRA,0.00217
2045,BRB,0.02700
2045,BRN,0.01089
2045,BTN,0.01627
2045,BWA,0.02129
2045,CAF,0.00061
2045,CAN,0.00000
2045,CHE,0.00000
2045,CHL,0.00000
2045,CHN,0.00000
2045,CIV,0.00688
2045,CMR,0.00147
2045,COD,0.00052
2045,COG,0.00137
2045,COL,0.00000
2045,COM,0.00367
2045,CPV,0.01083
2045,CRI,0.02159
2045,CUB,0.00321
2045,CYP,0.00000
2045,CZE,0.00000
2045,DEU,0.00000
2045,DJI,0.00413
2045,DMA,0.03020
2045,DNK,0.00000
2045,DOM,0.02044
2045,DZA,0.00270
2045,ECU,0.00869
2045,EGY,0.01017
2045,ERI,0.00009
2045,ESP,0.00000
2045,EST,0.00000
2045,ETH,0.00162
2045,FIN,0.00000
2045,FJI,0.00852
2045,FRA,0.00000
2045,FSM,0.01255
2045,GAB,0.00531
2045,GBR,0.00000
2045,GEO,0.00295
2045,GHA,0.01492
2045,GIN,0.00244
2045,GMB,0.00167
2045,GNB,0.00204
2045,GNQ,0.00153
2045,GRC,0.00000
2045,GRD,0.01884
2045,GTM,0.02279
2045,GUY,0.01096
2045,HND,0.01309
2045,HRV,0.00000
2045,HTI,0.00282
2045,HUN,0.00000
2045,IDN,0.01356
2045,IND,0.01086
2045,IRL,0.00000
2045,IRN,0.00294
2045,IRQ,0.01744
2045,ISL,0.00000
2045,ISR,0.00227
2045,ITA,0.00000
2045,JAM,0.02130
2045,JOR,0.00948
2045,JPN,0.00000
2045,KAZ,0.00000
2045,KEN,0.00690
2045,KGZ,0.00938
2045,KHM,0.00528
2045,KIR,0.00863
2045,KNA,0.02953
2045,KOR,0.00000
2045,KOS,0.02031
2045,KWT,0.02181
2045,LAO,0.00594
2045,LBN,0.01552
2045,LBR,0.00368
2045,LBY,0.01023
2045,LCA,0.02624
2045,LKA,0.00607
2045,LSO,0.01339
2045,LTU,0.00000
2045,LUX,0.00000
2045,LVA,0.00000
2045,MAR,0.00086
2045,MDA,0.01695
2045,MDG,0.00431
2045,MDV,0.01274
2045,MEX,0.00000
2045,MHL,0.01363
2045,MKD,0.00417
2045,MLI,0.00518
2045,MLT,0.00000
2045,MMR,0.00447
2045,MNE,0.00927
2045,MNG,0.01871
2045,MOZ,0.00511
2045,MRT,0.00306
2045,MUS,0.01574
2045,MWI,0.00180
2045,MYS,0.01888
2045,NAM,0.01625
2045,NER,0.00220
2045,NGA,0.00399
2045,NIC,0.01164
2045,NLD,0.00000
2045,NOR,0.00000
2045,NPL,0.00519
2045,NZL,0.00000
2045,OMN,0.02392
2045,PAK,0.00058
2045,PAN,0.00000
2045,PER,0.02099
2045,PHL,0.01570
2045,PLW,0.00532
2045,PNG,0.00840
2045,POL,0.00000
2045,PRT,0.00000
2045,PRY,0.02155
2045,QAT,0.02223
2045,ROU,0.00000
2045,RUS,0.01789
2045,RWA,0.00462
2045,SAU,0.01935
2045,SDN,0.00107
2045,SEN,0.00610
2045,SGP,0.00000
2045,SLB,0.00575
2045,SLE,0.00322
2045,SLV,0.01780
2045,SMR,0.00000
2045,SOM,0.00031
2045,SRB,0.00139
2045,SSD,0.00139
2045,STP,0.00374
2045,SUR,0.01990
2045,SVK,0.00000
2045,SVN,0.00000
2045,SWE,0.00000
2045,SWZ,0.00439
2045,SYC,0.01907
2045,SYR,0.00051
2045,TCD,0.00153
2045,TGO,0.00201
2045,THA,0.00041
2045,TJK,0.00232
2045,TKM,0.00151
2045,TLS,0.01495
2045,TON,0.01132
2045,TTO,0.02569
2045,TUN,0.01387
2045,TUR,0.01725
2045,TUV,0.00908
2045,TZA,0.00333
2045,UGA,0.00270
2045,UKR,0.00000
2045,URY,0.01895
2045,USA,0.00000
2045,UZB,0.00320
2045,VCT,0.02408
2045,VNM,0.00064
2045,VUT,0.01361
2045,WSM,0.01262
2045,YEM,0.00134
2045,ZAF,0.00000
2045,ZMB,0.00543
2045,ZWE,0.00076
2046,AFG,0.00000
2046,AGO,0.00477
2046,ALB,0.00933
2046,ARE,0.02223
2046,ARG,0.00000
2046,ARM,0.01879
2046,ATG,0.02742
2046,AUS,0.00000
2046,AUT,0.00000
2046,AZE,0.00575
2046,BDI,0.00084
2046,BEL,0.00000
2046,BEN,0.00392
2046,BFA,0.00419
2046,BGD,0.01673
2046,BGR,0.00000
2046,BHR,0.02473
2046,BHS,0.01470
2046,BIH,0.01650
2046,BLR,0.01153
2046,BLZ,0.01031
2046,BOL,0.00748
2046,BRA,0.00223
2046,BRB,0.02662
2046,BRN,0.00890
2046,BTN,0.01653
2046,BWA,0.01990
2046,CAF,0.00072
2046,CAN,0.00000
2046,CHE,0.00000
2046,CHL,0.00000
2046,CHN,0.00000
2046,CIV,0.00763
2046,CMR,0.00188
2046,COD,0.00056
2046,COG,0.00126
2046,COL,0.00000
2046,COM,0.00351
2046,CPV,0.01175
2046,CRI,0.02140
2046,CUB,0.00332
2046,CYP,0.00000
2046,CZE,0.00000
2046,DEU,0.00000
2046,DJI,0.00447
2046,DMA,0.02844
2046,DNK,0.00000
2046,DOM,0.02058
2046,DZA,0.00271
2046,ECU,0.00851
2046,EGY,0.00964
2046,ERI,0.00015
2046,ESP,0.00000
2046,EST,0.00000
2046,ETH,0.00163
2046,FIN,0.00000
2046,FJI,0.00925
2046,FRA,0.00000
2046,FSM,0.01258
2046,GAB,0.00629
2046,GBR,0.00000
2046,GEO,0.00232
2046,GHA,0.01471
2046,GIN,0.00213
2046,GMB,0.00141
2046,GNB,0.00210
2046,GNQ,0.00160
2046,GRC,0.00000
2046,GRD,0.01934
2046,GTM,0.02208
2046,GUY,0.01118
2046,HND,0.01325
2046,HRV,0.00000
2046,HTI,0.00294
2046,HUN,0.00000
2046,IDN,0.01383
2046,IND,0.01116
2046,IRL,0.00000
2046,IRN,0.00315
2046,IRQ,0.01698
2046,ISL,0.00000
2046,ISR,0.00210
2046,ITA,0.00000
2046,JAM,0.02124
2046,JOR,0.00959
2046,JPN,0.00000
2046,KAZ,0.00000
2046,KEN,0.00696
2046,KGZ,0.00952
2046,KHM,0.00509
2046,KIR,0.00928
2046,KNA,0.02900
2046,KOR,0.00000
2046,KOS,0.01878
2046,KWT,0.02176
2046,LAO,0.00600
2046,LBN,0.01563
2046,LBR,0.00412
2046,LBY,0.01000
2046,LCA,0.02718
2046,LKA,0.00614
2046,LSO,0.01316
2046,LTU,0.00000
2046,LUX,0.00000
2046,LVA,0.00000
2046,MAR,0.00103
2046,MDA,0.01620
2046,MDG,0.00461
2046,MDV,0.01276
2046,MEX,0.00000
2046,MHL,0.01386
2046,MKD,0.00309
2046,MLI,0.00511
2046,MLT,0.00000
2046,MMR,0.00463
2046,MNE,0.00876
2046,MNG,0.01763
2046,MOZ,0.00559
2046,MRT,0.00331
2046,MUS,0.01412
2046,MWI,0.00189
2046,MYS,0.01810
2046,NAM,0.01705
2046,NER,0.00231
2046,NGA,0.00326
2046,NIC,0.01118
2046,NLD,0.00000
2046,NOR,0.00000
2046,NPL,0.00571
2046,NZL,0.00000
2046,OMN,0.02383
2046,PAK,0.00049
2046,PAN,0.00000
2046,PER,0.02097
2046,PHL,0.01553
2046,PLW,0.00443
2046,PNG,0.00846
2046,POL,0.00000
2046,PRT,0.00000
2046,PRY,0.02010
2046,QAT,0.02233
2046,ROU,0.00000
2046,RUS,0.01718
2046,RWA,0.00467
2046,SAU,0.01899
2046,SDN,0.00126
2046,SEN,0.00653
2046,SGP,0.00000
2046,SLB,0.00584
2046,SLE,0.00287
2046,SLV,0.01941
2046,SMR,0.00000
2046,SOM,0.00035
2046,SRB,0.00096
2046,SSD,0.00142
2046,STP,0.00430
2046,SUR,0.02066
2046,SVK,0.00000
2046,SVN,0.00000
2046,SWE,0.00000
2046,SWZ,0.00414
2046,SYC,0.01947
2046,SYR,0.00055
2046,TCD,0.00147
2046,TGO,0.00221
2046,THA,0.00053
2046,TJK,0.00228
2046,TKM,0.00137
2046,TLS,0.01507
2046,TON,0.01134
2046,TTO,0.02571
2046,TUN,0.01484
2046,TUR,0.01780
2046,TUV,0.00990
2046,TZA,0.00331
2046,UGA,0.00269
2046,UKR,0.00000
2046,URY,0.01785
2046,USA,0.00000
2046,UZB,0.00312
2046,VCT,0.02396
2046,VNM,0.00058
2046,VUT,0.01409
2046,WSM,0.01159
2046,YEM,0.00127
2046,ZAF,0.00000
2046,ZMB,0.00598
2046,ZWE,0.00080
2047,AFG,0.00000
2047,AGO,0.00484
2047,ALB,0.00819
2047,ARE,0.02243
2047,ARG,0.00000
2047,ARM,0.01824
2047,ATG,0.02756
2047,AUS,0.00000
2047,AUT,0.00000
2047,AZE,0.00564
2047,BDI,0.00084
2047,BEL,0.00000
2047,BEN,0.00362
2047,BFA,0.00447
2047,BGD,0.01506
2047,BGR,0.00000
2047,BHR,0.02368
2047,BHS,0.01572
2047,BIH,0.01696
2047,BLR,0.01155
2047,BLZ,0.01074
2047,BOL,0.00798
2047,BRA,0.00221
2047,BRB,0.02623
2047,BRN,0.00797
2047,BTN,0.01583
2047,BWA,0.01985
2047,CAF,0.00068
2047,CAN,0.00000
2047,CHE,0.00000
2047,CHL,0.00000
2047,CHN,0.00000
2047,CIV,0.00733
2047,CMR,0.00161
2047,COD,0.00059
2047,COG,0.00152
2047,COL,0.00000
2047,COM,0.00388
2047,CPV,0.01084
2047,CRI,0.02003
2047,CUB,0.00313
2047,CYP,0.00000
2047,CZE,0.00000
2047,DEU,0.00000
2047,DJI,0.00462
2047,DMA,0.02759
2047,DNK,0.00000
2047,DOM,0.02020
2047,DZA,0.00257
2047,ECU,0.00948
2047,EGY,0.00991
2047,ERI,0.00018
2047,ESP,0.00000
2047,EST,0.00000
2047,ETH,0.00169
2047,FIN,0.00000
2047,FJI,0.00900
2047,FRA,0.00000
2047,FSM,0.01312
2047,GAB,0.00578
2047,GBR,0.00000
2047,GEO,0.00177
2047,GHA,0.01474
2047,GIN,0.00255
2047,GMB,0.00166
2047,GNB,0.00200
2047,GNQ,0.00160
2047,GRC,0.00000
2047,GRD,0.01912
2047,GTM,0.02165
2047,GUY,0.01166
2047,HND,0.01276
2047,HRV,0.00000
2047,HTI,0.00284
2047,HUN,0.00000
2047,IDN,0.01430
2047,IND,0.01076
2047,IRL,0.00000
2047,IRN,0.00287
2047,IRQ,0.01755
2047,ISL,0.00000
2047,ISR,0.00222
2047,ITA,0.00000
2047,JAM,0.02103
2047,JOR,0.01016
2047,JPN,0.00000
2047,KAZ,0.00000
2047,KEN,0.00741
2047,KGZ,0.00949
2047,KHM,0.00530
2047,KIR,0.00927
2047,KNA,0.02759
2047,KOR,0.00000
2047,KOS,0.01836
2047,KWT,0.01923
2047,LAO,0.00628
2047,LBN,0.01577
2047,LBR,0.00370
2047,LBY,0.01010
2047,LCA,0.02654
2047,LKA,0.00611
2047,LSO,0.01285
2047,LTU,0.00000
2047,LUX,0.00000
2047,LVA,0.00000
2047,MAR,0.00078
2047,MDA,0.01512
2047,MDG,0.00471
2047,MDV,0.01283
2047,MEX,0.00000
2047,MHL,0.01352
2047,MKD,0.00260
2047,MLI,0.00542
2047,MLT,0.00000
2047,MMR,0.00515
2047,MNE,0.00717
2047,MNG,0.01653
2047,MOZ,0.00522
2047,MRT,0.00338
2047,MUS,0.01266
2047,MWI,0.00209
2047,MYS,0.01653
2047,NAM,0.01645
2047,NER,0.00241
2047,NGA,0.00233
2047,NIC,0.01151
2047,NLD,0.00000
2047,NOR,0.00000
2047,NPL,0.00515
2047,NZL,0.00000
2047,OMN,0.02293
2047,PAK,0.00048
2047,PAN,0.00000
2047,PER,0.02014
2047,PHL,0.01563
2047,PLW,0.00315
2047,PNG,0.00832
2047,POL,0.00000
2047,PRT,0.00000
2047,PRY,0.02011
2047,QAT,0.02206
2047,ROU,0.00000
2047,RUS,0.01715
2047,RWA,0.00452
2047,SAU,0.01818
2047,SDN,0.00096
2047,SEN,0.00600
2047,SGP,0.00000
2047,SLB,0.00567
2047,SLE,0.00269
2047,SLV,0.01948
2047,SMR,0.00000
2047,SOM,0.00044
2047,SRB,0.00075
2047,SSD,0.00122
2047,STP,0.00390
2047,SUR,0.02058
2047,SVK,0.00000
2047,SVN,0.00000
2047,SWE,0.00000
2047,SWZ,0.00394
2047,SYC,0.01894
2047,SYR,0.00056
2047,TCD,0.00188
2047,TGO,0.00233
2047,THA,0.00065
2047,TJK,0.00234
2047,TKM,0.00165
2047,TLS,0.01415
2047,TON,0.01167
2047,TTO,0.02488
2047,TUN,0.01418
2047,TUR,0.01604
2047,TUV,0.00960
2047,TZA,0.00284
2047,UGA,0.00288
2047,UKR,0.00000
2047,URY,0.01723
2047,USA,0.00000
2047,UZB,0.00351
2047,VCT,0.02415
2047,VNM,0.00061
2047,VUT,0.01424
2047,WSM,0.01160
2047,YEM,0.00121
2047,ZAF,0.00000
2047,ZMB,0.00596
2047,ZWE,0.00083
2048,AFG,0.00000
2048,AGO,0.00507
2048,ALB,0.00722
2048,ARE,0.02191
2048,ARG,0.00000
2048,ARM,0.01746
2048,ATG,0.02705
2048,AUS,0.00000
2048,AUT,0.00000
2048,AZE,0.00510
2048,BDI,0.00083
2048,BEL,0.00000
2048,BEN,0.00380
2048,BFA,0.00456
2048,BGD,0.01359
2048,BGR,0.00000
2048,BHR,0.02333
2048,BHS,0.01623
2048,BIH,0.01521
2048,BLR,0.01112
2048,BLZ,0.01107
2048,BOL,0.00858
2048,BRA,0.00223
2048,BRB,0.02522
2048,BRN,0.00714
2048,BTN,0.01645
2048,BWA,0.01950
2048,CAF,0.00077
2048,CAN,0.00000
2048,CHE,0.00000
2048,CHL,0.00000
2048,CHN,0.00000
2048,CIV,0.00730
2048,CMR,0.00171
2048,COD,0.00051
2048,COG,0.00150
2048,COL,0.00000
2048,COM,0.00373
2048,CPV,0.01120
2048,CRI,0.01809
2048,CUB,0.00336
2048,CYP,0.00000
2048,CZE,0.00000
2048,DEU,0.00000
2048,DJI,0.00504
2048,DMA,0.02547
2048,DNK,0.00000
2048,DOM,0.02031
2048,DZA,0.00252
2048,ECU,0.00952
2048,EGY,0.00975
2048,ERI,0.00004
2048,ESP,0.00000
2048,EST,0.00000
2048,ETH,0.00181
2048,FIN,0.00000
2048,FJI,0.00926
2048,FRA,0.00000
2048,FSM,0.01291
2048,GAB,0.00595
2048,GBR,0.00000
2048,GEO,0.00140
2048,GHA,0.01545
2048,GIN,0.00260
2048,GMB,0.00175
2048,GNB,0.00221
2048,GNQ,0.00165
2048,GRC,0.00000
2048,GRD,0.01920
2048,GTM,0.02174
2048,GUY,0.01231
2048,HND,0.01246
2048,HRV,0.00000
2048,HTI,0.00304
2048,HUN,0.00000
2048,IDN,0.01408
2048,IND,0.01154
2048,IRL,0.00000
2048,IRN,0.00283
2048,IRQ,0.01576
2048,ISL,0.00000
2048,ISR,0.00224
2048,ITA,0.00000
2048,JAM,0.02079
2048,JOR,0.01028
2048,JPN,0.00000
2048,KAZ,0.00000
2048,KEN,0.00664
2048,KGZ,0.00935
2048,KHM,0.00530
2048,KIR,0.00927
2048,KNA,0.02546
2048,KOR,0.00000
2048,KOS,0.01771
2048,KWT,0.01853
2048,LAO,0.00653
2048,LBN,0.01544
2048,LBR,0.00402
2048,LBY,0.01044
2048,LCA,0.02533
2048,LKA,0.00656
2048,LSO,0.01366
2048,LTU,0.00000
2048,LUX,0.00000
2048,LVA,0.00000
2048,MAR,0.00098
2048,MDA,0.01424
2048,MDG,0.00487
2048,MDV,0.01322
2048,MEX,0.00000
2048,MHL,0.01369
2048,MKD,0.00216
2048,MLI,0.00540
2048,MLT,0.00000
2048,MMR,0.00493
2048,MNE,0.00628
2048,MNG,0.01522
2048,MOZ,0.00503
2048,MRT,0.00351
2048,MUS,0.01157
2048,MWI,0.00200
2048,MYS,0.01565
2048,NAM,0.01593
2048,NER,0.00248
2048,NGA,0.00210
2048,NIC,0.01176
2048,NLD,0.00000
2048,NOR,0.00000
2048,NPL,0.00548
2048,NZL,0.00000
2048,OMN,0.02199
2048,PAK,0.00055
2048,PAN,0.00000
2048,PER,0.01867
2048,PHL,0.01428
2048,PLW,0.00282
2048,PNG,0.00844
2048,POL,0.00000
2048,PRT,0.00000
2048,PRY,0.01975
2048,QAT,0.02190
2048,ROU,0.00000
2048,RUS,0.01487
2048,RWA,0.00482
2048,SAU,0.01848
2048,SDN,0.00130
2048,SEN,0.00679
2048,SGP,0.00000
2048,SLB,0.00601
2048,SLE,0.00269
2048,SLV,0.01878
2048,SMR,0.00000
2048,SOM,0.00032
2048,SRB,0.00058
2048,SSD,0.00161
2048,STP,0.00415
2048,SUR,0.01991
2048,SVK,0.00000
2048,SVN,0.00000
2048,SWE,0.00000
2048,SWZ,0.00418
2048,SYC,0.01858
2048,SYR,0.00057
2048,TCD,0.00142
2048,TGO,0.00220
2048,THA,0.00056
2048,TJK,0.00237
2048,TKM,0.00158
2048,TLS,0.01466
2048,TON,0.01076
2048,TTO,0.02432
2048,TUN,0.01372
2048,TUR,0.01496
2048,TUV,0.00989
2048,TZA,0.00329
2048,UGA,0.00276
2048,UKR,0.00000
2048,URY,0.01610
2048,USA,0.00000
2048,UZB,0.00341
2048,VCT,0.02469
2048,VNM,0.00055
2048,VUT,0.01362
2048,WSM,0.01193
2048,YEM,0.00135
2048,ZAF,0.00000
2048,ZMB,0.00624
2048,ZWE,0.00073
2049,AFG,0.00000
2049,AGO,0.00531
2049,ALB,0.00662
2049,ARE,0.02086
2049,ARG,0.00000
2049,ARM,0.01639
2049,ATG,0.02584
2049,AUS,0.00000
2049,AUT,0.00000
2049,AZE,0.00548
2049,BDI,0.00103
2049,BEL,0.00000
2049,BEN,0.00396
2049,BFA,0.00464
2049,BGD,0.01203
2049,BGR,0.00000
2049,BHR,0.02227
2049,BHS,0.01604
2049,BIH,0.01505
2049,BLR,0.01113
2049,BLZ,0.01106
2049,BOL,0.00843
2049,BRA,0.00221
2049,BRB,0.02589
2049,BRN,0.00567
2049,BTN,0.01559
2049,BWA,0.01904
2049,CAF,0.00076
2049,CAN,0.00000
2049,CHE,0.00000
2049,CHL,0.00000
2049,CHN,0.00000
2049,CIV,0.00748
2049,CMR,0.00153
2049,COD,0.00045
2049,COG,0.00181
2049,COL,0.00000
2049,COM,0.00408
2049,CPV,0.01134
2049,CRI,0.01729
2049,CUB,0.00353
2049,CYP,0.00000
2049,CZE,0.00000
2049,DEU,0.00000
2049,DJI,0.00463
2049,DMA,0.02383
2049,DNK,0.00000
2049,DOM,0.02007
2049,DZA,0.00243
2049,ECU,0.00918
2049,EGY,0.00969
2049,ERI,0.00016
2049,ESP,0.00000
2049,EST,0.00000
2049,ETH,0.00189
2049,FIN,0.00000
2049,FJI,0.00917
2049,FRA,0.00000
2049,FSM,0.01245
2049,GAB,0.00588
2049,GBR,0.00000
2049,GEO,0.00106
2049,GHA,0.01483
2049,GIN,0.00237
2049,GMB,0.00179
2049,GNB,0.00207
2049,GNQ,0.00149
2049,GRC,0.00000
2049,GRD,0.01981
2049,GTM,0.02030
2049,GUY,0.01283
2049,HND,0.01321
2049,HRV,0.00000
2049,HTI,0.00293
2049,HUN,0.00000
2049,IDN,0.01447
2049,IND,0.01110
2049,IRL,0.00000
2049,IRN,0.00327
2049,IRQ,0.01648
2049,ISL,0.00000
2049,ISR,0.00230
2049,ITA,0.00000
2049,JAM,0.01996
2049,JOR,0.00979
2049,JPN,0.00000
2049,KAZ,0.00000
2049,KEN,0.00727
2049,KGZ,0.00979
2049,KHM,0.00523
2049,KIR,0.00967
2049,KNA,0.02499
2049,KOR,0.00000
2049,KOS,0.01616
2049,KWT,0.01667
2049,LAO,0.00644
2049,LBN,0.01497
2049,LBR,0.00387
2049,LBY,0.01050
2049,LCA,0.02604
2049,LKA,0.00673
2049,LSO,0.01291
2049,LTU,0.00000
2049,LUX,0.00000
2049,LVA,0.00000
2049,MAR,0.00089
2049,MDA,0.01337
2049,MDG,0.00497
2049,MDV,0.01195
2049,MEX,0.00000
2049,MHL,0.01363
2049,MKD,0.00187
2049,MLI,0.00542
2049,MLT,0.00000
2049,MMR,0.00507
2049,MNE,0.00526
2049,MNG,0.01474
2049,MOZ,0.00514
2049,MRT,0.00350
2049,MUS,0.01049
2049,MWI,0.00211
2049,MYS,0.01419
2049,NAM,0.01608
2049,NER,0.00227
2049,NGA,0.00155
2049,NIC,0.01170
2049,NLD,0.00000
2049,NOR,0.00000
2049,NPL,0.00564
2049,NZL,0.00000
2049,OMN,0.02096
2049,PAK,0.00066
2049,PAN,0.00000
2049,PER,0.01838
2049,PHL,0.01562
2049,PLW,0.00221
2049,PNG,0.00814
2049,POL,0.00000
2049,PRT,0.00000
2049,PRY,0.01831
2049,QAT,0.02127
2049,ROU,0.00000
2049,RUS,0.01449
2049,RWA,0.00500
2049,SAU,0.01840
2049,SDN,0.00129
2049,SEN,0.00628
2049,SGP,0.00000
2049,SLB,0.00616
2049,SLE,0.00302
2049,SLV,0.01914
2049,SMR,0.00000
2049,SOM,0.00034
2049,SRB,0.00052
2049,SSD,0.00129
2049,STP,0.00435
2049,SUR,0.01961
2049,SVK,0.00000
2049,SVN,0.00000
2049,SWE,0.00000
2049,SWZ,0.00403
2049,SYC,0.01769
2049,SYR,0.00058
2049,TCD,0.00168
2049,TGO,0.00224
2049,THA,0.00050
2049,TJK,0.00256
2049,TKM,0.00139
2049,TLS,0.01512
2049,TON,0.01169
2049,TTO,0.02242
2049,TUN,0.01382
2049,TUR,0.01469
2049,TUV,0.00966
2049,TZA,0.00302
2049,UGA,0.00278
2049,UKR,0.00000
2049,URY,0.01483
2049,USA,0.00000
2049,UZB,0.00331
2049,VCT,0.02421
2049,VNM,0.00055
2049,VUT,0.01429
2049,WSM,0.01144
2049,YEM,0.00135
2049,ZAF,0.00000
2049,ZMB,0.00588
2049,ZWE,0.00082
2050,AFG,0.00000
2050,AGO,0.00529
2050,ALB,0.00536
2050,ARE,0.02143
2050,ARG,0.00000
2050,ARM,0.01473
2050,ATG,0.02437
2050,AUS,0.00000
2050,AUT,0.00000
2050,AZE,0.00575
2050,BDI,0.00099
2050,BEL,0.00000
2050,BEN,0.00402
2050,BFA,0.00465
2050,BGD,0.01131
2050,BGR,0.00000
2050,BHR,0.02088
2050,BHS,0.01572
2050,BIH,0.01450
2050,BLR,0.01057
2050,BLZ,0.01134
2050,BOL,0.00828
2050,BRA,0.00251
2050,BRB,0.02579
2050,BRN,0.00521
2050,BTN,0.01569
2050,BWA,0.01863
2050,CAF,0.00085
2050,CAN,0.00000
2050,CHE,0.00000
2050,CHL,0.00000
2050,CHN,0.00000
2050,CIV,0.00738
2050,CMR,0.00161
2050,COD,0.00062
2050,COG,0.00141
2050,COL,0.00000
2050,COM,0.00424
2050,CPV,0.01158
2050,CRI,0.01683
2050,CUB,0.00323
2050,CYP,0.00000
2050,CZE,0.00000
2050,DEU,0.00000
2050,DJI,0.00436
2050,DMA,0.02299
2050,DNK,0.00000
2050,DOM,0.01947
2050,DZA,0.00267
2050,ECU,0.00917
2050,EGY,0.00979
2050,ERI,0.00015
2050,ESP,0.00000
2050,EST,0.00000
2050,ETH,0.00167
2050,FIN,0.00000
2050,FJI,0.01020
2050,FRA,0.00000
2050,FSM,0.01279
2050,GAB,0.00620
2050,GBR,0.00000
2050,GEO,0.00107
2050,GHA,0.01488
2050,GIN,0.00258
2050,GMB,0.00165
2050,GNB,0.00217
2050,GNQ,0.00159
2050,GRC,0.00000
2050,GRD,0.02062
2050,GTM,0.01952
2050,GUY,0.01238
2050,HND,0.01355
2050,HRV,0.00000
2050,HTI,0.00321
2050,HUN,0.00000
2050,IDN,0.01373
2050,IND,0.01106
2050,IRL,0.00000
2050,IRN,0.00322
2050,IRQ,0.01735
2050,ISL,0.00000
2050,ISR,0.00206
2050,ITA,0.00000
2050,JAM,0.01970
2050,JOR,0.01028
2050,JPN,0.00000
2050,KAZ,0.00000
2050,KEN,0.00735
2050,KGZ,0.00936
2050,KHM,0.00512
2050,KIR,0.00983
2050,KNA,0.02471
2050,KOR,0.00000
2050,KOS,0.01561
2050,KWT,0.01542
2050,LAO,0.00616
2050,LBN,0.01491
2050,LBR,0.00425
2050,LBY,0.01023
2050,LCA,0.02614
2050,LKA,0.00625
2050,LSO,0.01357
2050,LTU,0.00000
2050,LUX,0.00000
2050,LVA,0.00000
2050,MAR,0.00087
2050,MDA,0.01308
2050,MDG,0.00506
2050,MDV,0.01263
2050,MEX,0.00000
2050,MHL,0.01375
2050,MKD,0.00145
2050,MLI,0.00548
2050,MLT,0.00000
2050,MMR,0.00528
2050,MNE,0.00535
2050,MNG,0.01327
2050,MOZ,0.00602
2050,MRT,0.00363
2050,MUS,0.00921
2050,MWI,0.00201
2050,MYS,0.01331
2050,NAM,0.01658
2050,NER,0.00257
2050,NGA,0.00129
2050,NIC,0.01254
2050,NLD,0.00000
2050,NOR,0.00000
2050,NPL,0.00575
2050,NZL,0.00000
2050,OMN,0.01984
2050,PAK,0.00053
2050,PAN,0.00000
2050,PER,0.01745
2050,PHL,0.01476
2050,PLW,0.00180
2050,PNG,0.00863
2050,POL,0.00000
2050,PRT,0.00000
2050,PRY,0.01753
2050,QAT,0.02027
2050,ROU,0.00000
2050,RUS,0.01348
2050,RWA,0.00534
2050,SAU,0.01839
2050,SDN,0.00104
2050,SEN,0.00690
2050,SGP,0.00000
2050,SLB,0.00603
2050,SLE,0.00316
2050,SLV,0.01961
2050,SMR,0.00000
2050,SOM,0.00033
2050,SRB,0.00042
2050,SSD,0.00160
2050,STP,0.00450
2050,SUR,0.01997
2050,SVK,0.00000
2050,SVN,0.00000
2050,SWE,0.00000
2050,SWZ,0.00451
2050,SYC,0.01778
2050,SYR,0.00044
2050,TCD,0.00163
2050,TGO,0.00206
2050,THA,0.00057
2050,TJK,0.00263
2050,TKM,0.00134
2050,TLS,0.01493
2050,TON,0.01171
2050,TTO,0.02343
2050,TUN,0.01357
2050,TUR,0.01340
2050,TUV,0.00969
2050,TZA,0.00319
2050,UGA,0.00305
2050,UKR,0.00000
2050,URY,0.01432
2050,USA,0.00000
2050,UZB,0.00323
2050,VCT,0.02453
2050,VNM,0.00063
2050,VUT,0.01365
2050,WSM,0.01188
2050,YEM,0.00173
2050,ZAF,0.00000
2050,ZMB,0.00588
2050,ZWE,0.00086
