2021,AFG,0.0000
2021,AGO,0.0000
2021,ALB,0.0000
2021,ARE,0.0000
2021,ARG,1.0000
2021,ARM,0.0000
2021,ATG,0.0000
2021,AUS,1.0000
2021,AUT,1.0000
2021,AZE,0.0000
2021,BDI,0.0000
2021,BEL,1.0000
2021,BEN,0.0000
2021,BFA,0.0000
2021,BGD,0.0000
2021,BGR,1.0000
2021,BHR,0.0000
2021,BHS,0.0000
2021,BIH,0.0000
2021,BLR,0.0000
2021,BLZ,0.0000
2021,BOL,0.0000
2021,BRA,0.0000
2021,BRB,0.0000
2021,BRN,0.0000
2021,BTN,0.0000
2021,BWA,0.0000
2021,CAF,0.0000
2021,CAN,1.0000
2021,CHE,1.0000
2021,CHL,1.0000
2021,CHN,1.0000
2021,CIV,0.0000
2021,CMR,0.0000
2021,COD,0.0000
2021,COG,0.0000
2021,COL,1.0000
2021,COM,0.0000
2021,CPV,0.0000
2021,CRI,0.0000
2021,CUB,1.0000
2021,CYP,1.0000
2021,CZE,1.0000
2021,DEU,1.0000
2021,DJI,0.0000
2021,DMA,0.0000
2021,DNK,1.0000
2021,DOM,0.0000
2021,DZA,0.0000
2021,ECU,0.0000
2021,EGY,0.0000
2021,ERI,0.0000
2021,ESP,1.0000
2021,EST,1.0000
2021,ETH,0.0000
2021,FIN,1.0000
2021,FJI,0.0000
2021,FRA,1.0000
2021,FSM,0.0000
2021,GAB,0.0000
2021,GBR,1.0000
2021,GEO,0.0000
2021,GHA,0.0000
2021,GIN,0.0000
2021,GMB,0.0000
2021,GNB,0.0000
2021,GNQ,0.0000
2021,GRC,1.0000
2021,GRD,0.0000
2021,GTM,0.0000
2021,GUY,0.0000
2021,HND,0.0000
2021,HRV,1.0000
2021,HTI,0.0000
2021,HUN,1.0000
2021,IDN,0.0000
2021,IND,0.0000
2021,IRL,1.0000
2021,IRN,0.0000
2021,IRQ,0.0000
2021,ISL,1.0000
2021,ISR,0.0000
2021,ITA,1.0000
2021,JAM,0.0000
2021,JOR,0.0000
2021,JPN,1.0000
2021,KAZ,1.0000
2021,KEN,0.0000
2021,KGZ,0.0000
2021,KHM,0.0000
2021,KIR,0.0000
2021,KNA,0.0000
2021,KOR,1.0000
2021,KOS,0.0000
2021,KWT,0.0000
2021,LAO,0.0000
2021,LBN,0.0000
2021,LBR,0.0000
2021,LBY,0.0000
2021,LCA,0.0000
2021,LKA,0.0000
2021,LSO,0.0000
2021,LTU,1.0000
2021,LUX,1.0000
2021,LVA,1.0000
2021,MAR,0.0000
2021,MDA,0.0000
2021,MDG,0.0000
2021,MDV,0.0000
2021,MEX,1.0000
2021,MHL,0.0000
2021,MKD,0.0000
2021,MLI,0.0000
2021,MLT,1.0000
2021,MMR,0.0000
2021,MNE,0.0000
2021,MNG,0.0000
2021,MOZ,0.0000
2021,MRT,0.0000
2021,MUS,0.0000
2021,MWI,0.0000
2021,MYS,0.0000
2021,NAM,0.0000
2021,NER,0.0000
2021,NGA,0.0000
2021,NIC,0.0000
2021,NLD,1.0000
2021,NOR,1.0000
2021,NPL,0.0000
2021,NZL,1.0000
2021,OMN,0.0000
2021,PAK,0.0000
2021,PAN,0.0000
2021,PER,0.0000
2021,PHL,0.0000
2021,PLW,0.0000
2021,PNG,0.0000
2021,POL,1.0000
2021,PRT,1.0000
2021,PRY,0.0000
2021,QAT,0.0000
2021,ROU,1.0000
2021,RUS,0.0000
2021,RWA,0.0000
2021,SAU,0.0000
2021,SDN,0.0000
2021,SEN,0.0000
2021,SGP,1.0000
2021,SLB,0.0000
2021,SLE,0.0000
2021,SLV,0.0000
2021,SMR,0.0000
2021,SOM,0.0000
2021,SRB,0.0000
2021,SSD,0.0000
2021,STP,0.0000
2021,SUR,0.0000
2021,SVK,1.0000
2021,SVN,1.0000
2021,SWE,1.0000
2021,SWZ,0.0000
2021,SYC,0.0000
2021,SYR,0.0000
2021,TCD,0.0000
2021,TGO,0.0000
2021,THA,0.0000
2021,TJK,0.0000
2021,TKM,0.0000
2021,TLS,0.0000
2021,TON,0.0000
2021,TTO,0.0000
2021,TUN,0.0000
2021,TUR,0.0000
2021,TUV,0.0000
2021,TZA,0.0000
2021,UGA,0.0000
2021,UKR,1.0000
2021,URY,0.0000
2021,USA,1.0000
2021,UZB,0.0000
2021,VCT,0.0000
2021,VNM,0.0000
2021,VUT,0.0000
2021,WSM,0.0000
2021,YEM,0.0000
2021,ZAF,1.0000
2021,ZMB,0.0000
2021,ZWE,0.0000
2022,AFG,0.0011
2022,AGO,0.0021
2022,ALB,0.0641
2022,ARE,0.0115
2022,ARG,0.0000
2022,ARM,0.0261
2022,ATG,0.0085
2022,AUS,0.0000
2022,AUT,0.0000
2022,AZE,0.0021
2022,BDI,0.0004
2022,BEL,0.0000
2022,BEN,0.0013
2022,BFA,0.0018
2022,BGD,0.0454
2022,BGR,0.0000
2022,BHR,0.0104
2022,BHS,0.0099
2022,BIH,0.0320
2022,BLR,0.0119
2022,BLZ,0.0035
2022,BOL,0.0040
2022,BRA,0.0008
2022,BRB,0.0088
2022,BRN,0.0626
2022,BTN,0.0078
2022,BWA,0.0174
2022,CAF,0.0003
2022,CAN,0.0000
2022,CHE,0.0000
2022,CHL,0.0000
2022,CHN,0.0000
2022,CIV,0.0030
2022,CMR,0.0006
2022,COD,0.0001
2022,COG,0.0007
2022,COL,0.0000
2022,COM,0.0012
2022,CPV,0.0074
2022,CRI,0.0219
2022,CUB,0.0000
2022,CYP,0.0000
2022,CZE,0.0000
2022,DEU,0.0000
2022,DJI,0.0014
2022,DMA,0.0115
2022,DNK,0.0000
2022,DOM,0.0144
2022,DZA,0.0011
2022,ECU,0.0047
2022,EGY,0.0057
2022,ERI,0.0001
2022,ESP,0.0000
2022,EST,0.0000
2022,ETH,0.0005
2022,FIN,0.0000
2022,FJI,0.0041
2022,FRA,0.0000
2022,FSM,0.0058
2022,GAB,0.0024
2022,GBR,0.0000
2022,GEO,0.1131
2022,GHA,0.0077
2022,GIN,0.0014
2022,GMB,0.0004
2022,GNB,0.0007
2022,GNQ,0.0005
2022,GRC,0.0000
2022,GRD,0.0031
2022,GTM,0.0149
2022,GUY,0.0048
2022,HND,0.0040
2022,HRV,0.0000
2022,HTI,0.0010
2022,HUN,0.0000
2022,IDN,0.0076
2022,IND,0.0077
2022,IRL,0.0000
2022,IRN,0.0016
2022,IRQ,0.0092
2022,ISL,0.0000
2022,ISR,0.0011
2022,ITA,0.0000
2022,JAM,0.0150
2022,JOR,0.0052
2022,JPN,0.0000
2022,KAZ,0.0000
2022,KEN,0.0029
2022,KGZ,0.0060
2022,KHM,0.0021
2022,KIR,0.0034
2022,KNA,0.0099
2022,KOR,0.0000
2022,KOS,0.0205
2022,KWT,0.0292
2022,LAO,0.0028
2022,LBN,0.0118
2022,LBR,0.0017
2022,LBY,0.0051
2022,LCA,0.0040
2022,LKA,0.0032
2022,LSO,0.0088
2022,LTU,0.0000
2022,LUX,0.0000
2022,LVA,0.0000
2022,MAR,0.0006
2022,MDA,0.0453
2022,MDG,0.0020
2022,MDV,0.0064
2022,MEX,0.0000
2022,MHL,0.0078
2022,MKD,0.1026
2022,MLI,0.0023
2022,MLT,0.0000
2022,MMR,0.0021
2022,MNE,0.0664
2022,MNG,0.0418
2022,MOZ,0.0017
2022,MRT,0.0016
2022,MUS,0.0515
2022,MWI,0.0007
2022,MYS,0.0384
2022,NAM,0.0086
2022,NER,0.0009
2022,NGA,0.1022
2022,NIC,0.0039
2022,NLD,0.0000
2022,NOR,0.0000
2022,NPL,0.0025
2022,NZL,0.0000
2022,OMN,0.0186
2022,PAK,0.0002
2022,PAN,0.4272
2022,PER,0.0260
2022,PHL,0.0106
2022,PLW,0.0890
2022,PNG,0.0043
2022,POL,0.0000
2022,PRT,0.0000
2022,PRY,0.0226
2022,QAT,0.0061
2022,ROU,0.0000
2022,RUS,0.0433
2022,RWA,0.0018
2022,SAU,0.0097
2022,SDN,0.0004
2022,SEN,0.0034
2022,SGP,0.0000
2022,SLB,0.0023
2022,SLE,0.0011
2022,SLV,0.0086
2022,SMR,0.3166
2022,SOM,0.0001
2022,SRB,0.1513
2022,SSD,0.0005
2022,STP,0.0014
2022,SUR,0.0111
2022,SVK,0.0000
2022,SVN,0.0000
2022,SWE,0.0000
2022,SWZ,0.0014
2022,SYC,0.0109
2022,SYR,0.0003
2022,TCD,0.0007
2022,TGO,0.0007
2022,THA,0.0001
2022,TJK,0.0012
2022,TKM,0.0007
2022,TLS,0.0087
2022,TON,0.0060
2022,TTO,0.0132
2022,TUN,0.0138
2022,TUR,0.0415
2022,TUV,0.0041
2022,TZA,0.0009
2022,UGA,0.0010
2022,UKR,0.0000
2022,URY,0.0446
2022,USA,0.0000
2022,UZB,0.0020
2022,VCT,0.0031
2022,VNM,0.0003
2022,VUT,0.0083
2022,WSM,0.0062
2022,YEM,0.0006
2022,ZAF,0.0000
2022,ZMB,0.0022
2022,ZWE,0.0002
2023,AFG,0.0012
2023,AGO,0.0023
2023,ALB,0.0667
2023,ARE,0.0142
2023,ARG,0.0000
2023,ARM,0.0270
2023,ATG,0.0106
2023,AUS,0.0000
2023,AUT,0.0000
2023,AZE,0.0024
2023,BDI,0.0002
2023,BEL,0.0000
2023,BEN,0.0015
2023,BFA,0.0015
2023,BGD,0.0440
2023,BGR,0.0000
2023,BHR,0.0123
2023,BHS,0.0106
2023,BIH,0.0340
2023,BLR,0.0118
2023,BLZ,0.0043
2023,BOL,0.0046
2023,BRA,0.0013
2023,BRB,0.0091
2023,BRN,0.0644
2023,BTN,0.0084
2023,BWA,0.0184
2023,CAF,0.0004
2023,CAN,0.0000
2023,CHE,0.0000
2023,CHL,0.0000
2023,CHN,0.0000
2023,CIV,0.0033
2023,CMR,0.0007
2023,COD,0.0001
2023,COG,0.0006
2023,COL,0.0000
2023,COM,0.0012
2023,CPV,0.0067
2023,CRI,0.0314
2023,CUB,0.0000
2023,CYP,0.0000
2023,CZE,0.0000
2023,DEU,0.0000
2023,DJI,0.0017
2023,DMA,0.0145
2023,DNK,0.0000
2023,DOM,0.0157
2023,DZA,0.0017
2023,ECU,0.0052
2023,EGY,0.0069
2023,ERI,0.0001
2023,ESP,0.0000
2023,EST,0.0000
2023,ETH,0.0007
2023,FIN,0.0000
2023,FJI,0.0049
2023,FRA,0.0000
2023,FSM,0.0066
2023,GAB,0.0027
2023,GBR,0.0000
2023,GEO,0.1075
2023,GHA,0.0079
2023,GIN,0.0007
2023,GMB,0.0008
2023,GNB,0.0009
2023,GNQ,0.0006
2023,GRC,0.0000
2023,GRD,0.0035
2023,GTM,0.0175
2023,GUY,0.0042
2023,HND,0.0055
2023,HRV,0.0000
2023,HTI,0.0011
2023,HUN,0.0000
2023,IDN,0.0083
2023,IND,0.0071
2023,IRL,0.0000
2023,IRN,0.0015
2023,IRQ,0.0109
2023,ISL,0.0000
2023,ISR,0.0013
2023,ITA,0.0000
2023,JAM,0.0197
2023,JOR,0.0057
2023,JPN,0.0000
2023,KAZ,0.0000
2023,KEN,0.0034
2023,KGZ,0.0063
2023,KHM,0.0023
2023,KIR,0.0044
2023,KNA,0.0123
2023,KOR,0.0000
2023,KOS,0.0254
2023,KWT,0.0307
2023,LAO,0.0028
2023,LBN,0.0118
2023,LBR,0.0017
2023,LBY,0.0069
2023,LCA,0.0058
2023,LKA,0.0031
2023,LSO,0.0089
2023,LTU,0.0000
2023,LUX,0.0000
2023,LVA,0.0000
2023,MAR,0.0005
2023,MDA,0.0431
2023,MDG,0.0017
2023,MDV,0.0072
2023,MEX,0.0000
2023,MHL,0.0092
2023,MKD,0.0975
2023,MLI,0.0021
2023,MLT,0.0000
2023,MMR,0.0021
2023,MNE,0.0695
2023,MNG,0.0407
2023,MOZ,0.0023
2023,MRT,0.0016
2023,MUS,0.0512
2023,MWI,0.0007
2023,MYS,0.0393
2023,NAM,0.0112
2023,NER,0.0010
2023,NGA,0.0967
2023,NIC,0.0041
2023,NLD,0.0000
2023,NOR,0.0000
2023,NPL,0.0024
2023,NZL,0.0000
2023,OMN,0.0181
2023,PAK,0.0002
2023,PAN,0.2594
2023,PER,0.0281
2023,PHL,0.0117
2023,PLW,0.0878
2023,PNG,0.0048
2023,POL,0.0000
2023,PRT,0.0000
2023,PRY,0.0243
2023,QAT,0.0074
2023,ROU,0.0000
2023,RUS,0.0409
2023,RWA,0.0017
2023,SAU,0.0129
2023,SDN,0.0006
2023,SEN,0.0031
2023,SGP,0.0000
2023,SLB,0.0025
2023,SLE,0.0011
2023,SLV,0.0091
2023,SMR,0.2200
2023,SOM,0.0001
2023,SRB,0.1344
2023,SSD,0.0006
2023,STP,0.0013
2023,SUR,0.0108
2023,SVK,0.0000
2023,SVN,0.0000
2023,SWE,0.0000
2023,SWZ,0.0014
2023,SYC,0.0142
2023,SYR,0.0002
2023,TCD,0.0005
2023,TGO,0.0005
2023,THA,0.0002
2023,TJK,0.0014
2023,TKM,0.0008
2023,TLS,0.0091
2023,TON,0.0070
2023,TTO,0.0143
2023,TUN,0.0133
2023,TUR,0.0412
2023,TUV,0.0039
2023,TZA,0.0014
2023,UGA,0.0010
2023,UKR,0.0000
2023,URY,0.0410
2023,USA,0.0000
2023,UZB,0.0017
2023,VCT,0.0044
2023,VNM,0.0003
2023,VUT,0.0077
2023,WSM,0.0067
2023,YEM,0.0005
2023,ZAF,0.0000
2023,ZMB,0.0020
2023,ZWE,0.0004
2024,AFG,0.0014
2024,AGO,0.0023
2024,ALB,0.0646
2024,ARE,0.0150
2024,ARG,0.0000
2024,ARM,0.0290
2024,ATG,0.0125
2024,AUS,0.0000
2024,AUT,0.0000
2024,AZE,0.0028
2024,BDI,0.0003
2024,BEL,0.0000
2024,BEN,0.0010
2024,BFA,0.0021
2024,BGD,0.0435
2024,BGR,0.0000
2024,BHR,0.0137
2024,BHS,0.0121
2024,BIH,0.0357
2024,BLR,0.0118
2024,BLZ,0.0048
2024,BOL,0.0046
2024,BRA,0.0012
2024,BRB,0.0113
2024,BRN,0.0611
2024,BTN,0.0102
2024,BWA,0.0183
2024,CAF,0.0003
2024,CAN,0.0000
2024,CHE,0.0000
2024,CHL,0.0000
2024,CHN,0.0000
2024,CIV,0.0035
2024,CMR,0.0007
2024,COD,0.0002
2024,COG,0.0009
2024,COL,0.0000
2024,COM,0.0015
2024,CPV,0.0078
2024,CRI,0.0348
2024,CUB,0.0000
2024,CYP,0.0000
2024,CZE,0.0000
2024,DEU,0.0000
2024,DJI,0.0020
2024,DMA,0.0163
2024,DNK,0.0000
2024,DOM,0.0176
2024,DZA,0.0009
2024,ECU,0.0052
2024,EGY,0.0066
2024,ERI,0.0001
2024,ESP,0.0000
2024,EST,0.0000
2024,ETH,0.0008
2024,FIN,0.0000
2024,FJI,0.0051
2024,FRA,0.0000
2024,FSM,0.0073
2024,GAB,0.0026
2024,GBR,0.0000
2024,GEO,0.1011
2024,GHA,0.0092
2024,GIN,0.0012
2024,GMB,0.0006
2024,GNB,0.0010
2024,GNQ,0.0007
2024,GRC,0.0000
2024,GRD,0.0041
2024,GTM,0.0195
2024,GUY,0.0040
2024,HND,0.0057
2024,HRV,0.0000
2024,HTI,0.0013
2024,HUN,0.0000
2024,IDN,0.0096
2024,IND,0.0072
2024,IRL,0.0000
2024,IRN,0.0014
2024,IRQ,0.0110
2024,ISL,0.0000
2024,ISR,0.0016
2024,ITA,0.0000
2024,JAM,0.0188
2024,JOR,0.0054
2024,JPN,0.0000
2024,KAZ,0.0000
2024,KEN,0.0034
2024,KGZ,0.0067
2024,KHM,0.0030
2024,KIR,0.0039
2024,KNA,0.0147
2024,KOR,0.0000
2024,KOS,0.0275
2024,KWT,0.0313
2024,LAO,0.0028
2024,LBN,0.0125
2024,LBR,0.0015
2024,LBY,0.0067
2024,LCA,0.0059
2024,LKA,0.0026
2024,LSO,0.0108
2024,LTU,0.0000
2024,LUX,0.0000
2024,LVA,0.0000
2024,MAR,0.0006
2024,MDA,0.0433
2024,MDG,0.0014
2024,MDV,0.0071
2024,MEX,0.0000
2024,MHL,0.0106
2024,MKD,0.0929
2024,MLI,0.0030
2024,MLT,0.0000
2024,MMR,0.0020
2024,MNE,0.0672
2024,MNG,0.0393
2024,MOZ,0.0026
2024,MRT,0.0017
2024,MUS,0.0517
2024,MWI,0.0007
2024,MYS,0.0405
2024,NAM,0.0115
2024,NER,0.0010
2024,NGA,0.0908
2024,NIC,0.0060
2024,NLD,0.0000
2024,NOR,0.0000
2024,NPL,0.0024
2024,NZL,0.0000
2024,OMN,0.0214
2024,PAK,0.0003
2024,PAN,0.1514
2024,PER,0.0275
2024,PHL,0.0108
2024,PLW,0.0844
2024,PNG,0.0052
2024,POL,0.0000
2024,PRT,0.0000
2024,PRY,0.0250
2024,QAT,0.0086
2024,ROU,0.0000
2024,RUS,0.0408
2024,RWA,0.0019
2024,SAU,0.0137
2024,SDN,0.0006
2024,SEN,0.0032
2024,SGP,0.0000
2024,SLB,0.0028
2024,SLE,0.0011
2024,SLV,0.0097
2024,SMR,0.1562
2024,SOM,0.0002
2024,SRB,0.1189
2024,SSD,0.0007
2024,STP,0.0017
2024,SUR,0.0144
2024,SVK,0.0000
2024,SVN,0.0000
2024,SWE,0.0000
2024,SWZ,0.0017
2024,SYC,0.0151
2024,SYR,0.0002
2024,TCD,0.0009
2024,TGO,0.0009
2024,THA,0.0001
2024,TJK,0.0013
2024,TKM,0.0007
2024,TLS,0.0110
2024,TON,0.0065
2024,TTO,0.0155
2024,TUN,0.0152
2024,TUR,0.0418
2024,TUV,0.0045
2024,TZA,0.0014
2024,UGA,0.0012
2024,UKR,0.0000
2024,URY,0.0409
2024,USA,0.0000
2024,UZB,0.0018
2024,VCT,0.0045
2024,VNM,0.0003
2024,VUT,0.0085
2024,WSM,0.0070
2024,YEM,0.0006
2024,ZAF,0.0000
2024,ZMB,0.0021
2024,ZWE,0.0004
2025,AFG,0.0013
2025,AGO,0.0025
2025,ALB,0.0649
2025,ARE,0.0158
2025,ARG,0.0000
2025,ARM,0.0311
2025,ATG,0.0158
2025,AUS,0.0000
2025,AUT,0.0000
2025,AZE,0.0029
2025,BDI,0.0001
2025,BEL,0.0000
2025,BEN,0.0018
2025,BFA,0.0020
2025,BGD,0.0474
2025,BGR,0.0000
2025,BHR,0.0140
2025,BHS,0.0116
2025,BIH,0.0364
2025,BLR,0.0121
2025,BLZ,0.0057
2025,BOL,0.0050
2025,BRA,0.0016
2025,BRB,0.0126
2025,BRN,0.0629
2025,BTN,0.0100
2025,BWA,0.0189
2025,CAF,0.0003
2025,CAN,0.0000
2025,CHE,0.0000
2025,CHL,0.0000
2025,CHN,0.0000
2025,CIV,0.0038
2025,CMR,0.0010
2025,COD,0.0004
2025,COG,0.0009
2025,COL,0.0000
2025,COM,0.0019
2025,CPV,0.0078
2025,CRI,0.0352
2025,CUB,0.0000
2025,CYP,0.0000
2025,CZE,0.0000
2025,DEU,0.0000
2025,DJI,0.0023
2025,DMA,0.0191
2025,DNK,0.0000
2025,DOM,0.0190
2025,DZA,0.0018
2025,ECU,0.0062
2025,EGY,0.0070
2025,ERI,0.0001
2025,ESP,0.0000
2025,EST,0.0000
2025,ETH,0.0011
2025,FIN,0.0000
2025,FJI,0.0055
2025,FRA,0.0000
2025,FSM,0.0082
2025,GAB,0.0030
2025,GBR,0.0000
2025,GEO,0.0908
2025,GHA,0.0096
2025,GIN,0.0012
2025,GMB,0.0010
2025,GNB,0.0010
2025,GNQ,0.0004
2025,GRC,0.0000
2025,GRD,0.0043
2025,GTM,0.0212
2025,GUY,0.0055
2025,HND,0.0072
2025,HRV,0.0000
2025,HTI,0.0012
2025,HUN,0.0000
2025,IDN,0.0096
2025,IND,0.0086
2025,IRL,0.0000
2025,IRN,0.0015
2025,IRQ,0.0116
2025,ISL,0.0000
2025,ISR,0.0015
2025,ITA,0.0000
2025,JAM,0.0197
2025,JOR,0.0048
2025,JPN,0.0000
2025,KAZ,0.0000
2025,KEN,0.0040
2025,KGZ,0.0068
2025,KHM,0.0026
2025,KIR,0.0053
2025,KNA,0.0168
2025,KOR,0.0000
2025,KOS,0.0285
2025,KWT,0.0349
2025,LAO,0.0034
2025,LBN,0.0113
2025,LBR,0.0013
2025,LBY,0.0076
2025,LCA,0.0076
2025,LKA,0.0032
2025,LSO,0.0105
2025,LTU,0.0000
2025,LUX,0.0000
2025,LVA,0.0000
2025,MAR,0.0006
2025,MDA,0.0418
2025,MDG,0.0019
2025,MDV,0.0073
2025,MEX,0.0000
2025,MHL,0.0093
2025,MKD,0.0880
2025,MLI,0.0029
2025,MLT,0.0000
2025,MMR,0.0028
2025,MNE,0.0673
2025,MNG,0.0394
2025,MOZ,0.0023
2025,MRT,0.0016
2025,MUS,0.0496
2025,MWI,0.0006
2025,MYS,0.0400
2025,NAM,0.0121
2025,NER,0.0015
2025,NGA,0.0860
2025,NIC,0.0068
2025,NLD,0.0000
2025,NOR,0.0000
2025,NPL,0.0026
2025,NZL,0.0000
2025,OMN,0.0227
2025,PAK,0.0002
2025,PAN,0.0805
2025,PER,0.0293
2025,PHL,0.0113
2025,PLW,0.0809
2025,PNG,0.0049
2025,POL,0.0000
2025,PRT,0.0000
2025,PRY,0.0269
2025,QAT,0.0086
2025,ROU,0.0000
2025,RUS,0.0394
2025,RWA,0.0026
2025,SAU,0.0125
2025,SDN,0.0003
2025,SEN,0.0036
2025,SGP,0.0000
2025,SLB,0.0027
2025,SLE,0.0015
2025,SLV,0.0117
2025,SMR,0.1057
2025,SOM,0.0001
2025,SRB,0.1038
2025,SSD,0.0006
2025,STP,0.0019
2025,SUR,0.0142
2025,SVK,0.0000
2025,SVN,0.0000
2025,SWE,0.0000
2025,SWZ,0.0023
2025,SYC,0.0133
2025,SYR,0.0002
2025,TCD,0.0008
2025,TGO,0.0012
2025,THA,0.0002
2025,TJK,0.0013
2025,TKM,0.0007
2025,TLS,0.0112
2025,TON,0.0072
2025,TTO,0.0179
2025,TUN,0.0146
2025,TUR,0.0391
2025,TUV,0.0051
2025,TZA,0.0015
2025,UGA,0.0010
2025,UKR,0.0000
2025,URY,0.0402
2025,USA,0.0000
2025,UZB,0.0025
2025,VCT,0.0068
2025,VNM,0.0002
2025,VUT,0.0092
2025,WSM,0.0072
2025,YEM,0.0003
2025,ZAF,0.0000
2025,ZMB,0.0028
2025,ZWE,0.0004
2026,AFG,0.0014
2026,AGO,0.0026
2026,ALB,0.0614
2026,ARE,0.0167
2026,ARG,0.0000
2026,ARM,0.0314
2026,ATG,0.0176
2026,AUS,0.0000
2026,AUT,0.0000
2026,AZE,0.0037
2026,BDI,0.0004
2026,BEL,0.0000
2026,BEN,0.0017
2026,BFA,0.0020
2026,BGD,0.0466
2026,BGR,0.0000
2026,BHR,0.0151
2026,BHS,0.0131
2026,BIH,0.0359
2026,BLR,0.0125
2026,BLZ,0.0061
2026,BOL,0.0054
2026,BRA,0.0015
2026,BRB,0.0131
2026,BRN,0.0607
2026,BTN,0.0097
2026,BWA,0.0183
2026,CAF,0.0004
2026,CAN,0.0000
2026,CHE,0.0000
2026,CHL,0.0000
2026,CHN,0.0000
2026,CIV,0.0039
2026,CMR,0.0007
2026,COD,0.0003
2026,COG,0.0006
2026,COL,0.0000
2026,COM,0.0020
2026,CPV,0.0087
2026,CRI,0.0391
2026,CUB,0.0000
2026,CYP,0.0000
2026,CZE,0.0000
2026,DEU,0.0000
2026,DJI,0.0020
2026,DMA,0.0203
2026,DNK,0.0000
2026,DOM,0.0189
2026,DZA,0.0018
2026,ECU,0.0056
2026,EGY,0.0080
2026,ERI,0.0001
2026,ESP,0.0000
2026,EST,0.0000
2026,ETH,0.0011
2026,FIN,0.0000
2026,FJI,0.0065
2026,FRA,0.0000
2026,FSM,0.0075
2026,GAB,0.0033
2026,GBR,0.0000
2026,GEO,0.0829
2026,GHA,0.0110
2026,GIN,0.0012
2026,GMB,0.0011
2026,GNB,0.0008
2026,GNQ,0.0008
2026,GRC,0.0000
2026,GRD,0.0048
2026,GTM,0.0216
2026,GUY,0.0049
2026,HND,0.0065
2026,HRV,0.0000
2026,HTI,0.0016
2026,HUN,0.0000
2026,IDN,0.0101
2026,IND,0.0087
2026,IRL,0.0000
2026,IRN,0.0022
2026,IRQ,0.0113
2026,ISL,0.0000
2026,ISR,0.0016
2026,ITA,0.0000
2026,JAM,0.0198
2026,JOR,0.0064
2026,JPN,0.0000
2026,KAZ,0.0000
2026,KEN,0.0038
2026,KGZ,0.0071
2026,KHM,0.0025
2026,KIR,0.0053
2026,KNA,0.0190
2026,KOR,0.0000
2026,KOS,0.0284
2026,KWT,0.0352
2026,LAO,0.0034
2026,LBN,0.0123
2026,LBR,0.0020
2026,LBY,0.0085
2026,LCA,0.0098
2026,LKA,0.0036
2026,LSO,0.0107
2026,LTU,0.0000
2026,LUX,0.0000
2026,LVA,0.0000
2026,MAR,0.0006
2026,MDA,0.0397
2026,MDG,0.0027
2026,MDV,0.0087
2026,MEX,0.0000
2026,MHL,0.0103
2026,MKD,0.0815
2026,MLI,0.0030
2026,MLT,0.0000
2026,MMR,0.0030
2026,MNE,0.0663
2026,MNG,0.0391
2026,MOZ,0.0025
2026,MRT,0.0019
2026,MUS,0.0520
2026,MWI,0.0008
2026,MYS,0.0414
2026,NAM,0.0127
2026,NER,0.0015
2026,NGA,0.0755
2026,NIC,0.0061
2026,NLD,0.0000
2026,NOR,0.0000
2026,NPL,0.0029
2026,NZL,0.0000
2026,OMN,0.0233
2026,PAK,0.0002
2026,PAN,0.0416
2026,PER,0.0303
2026,PHL,0.0115
2026,PLW,0.0768
2026,PNG,0.0053
2026,POL,0.0000
2026,PRT,0.0000
2026,PRY,0.0250
2026,QAT,0.0115
2026,ROU,0.0000
2026,RUS,0.0381
2026,RWA,0.0026
2026,SAU,0.0136
2026,SDN,0.0005
2026,SEN,0.0034
2026,SGP,0.0000
2026,SLB,0.0027
2026,SLE,0.0010
2026,SLV,0.0134
2026,SMR,0.0716
2026,SOM,0.0002
2026,SRB,0.0871
2026,SSD,0.0005
2026,STP,0.0023
2026,SUR,0.0140
2026,SVK,0.0000
2026,SVN,0.0000
2026,SWE,0.0000
2026,SWZ,0.0021
2026,SYC,0.0141
2026,SYR,0.0002
2026,TCD,0.0011
2026,TGO,0.0014
2026,THA,0.0003
2026,TJK,0.0011
2026,TKM,0.0007
2026,TLS,0.0101
2026,TON,0.0074
2026,TTO,0.0194
2026,TUN,0.0154
2026,TUR,0.0388
2026,TUV,0.0049
2026,TZA,0.0017
2026,UGA,0.0013
2026,UKR,0.0000
2026,URY,0.0377
2026,USA,0.0000
2026,UZB,0.0025
2026,VCT,0.0070
2026,VNM,0.0002
2026,VUT,0.0091
2026,WSM,0.0074
2026,YEM,0.0008
2026,ZAF,0.0000
2026,ZMB,0.0025
2026,ZWE,0.0003
2027,AFG,0.0014
2027,AGO,0.0031
2027,ALB,0.0584
2027,ARE,0.0178
2027,ARG,0.0000
2027,ARM,0.0358
2027,ATG,0.0190
2027,AUS,0.0000
2027,AUT,0.0000
2027,AZE,0.0037
2027,BDI,0.0003
2027,BEL,0.0000
2027,BEN,0.0020
2027,BFA,0.0025
2027,BGD,0.0452
2027,BGR,0.0000
2027,BHR,0.0173
2027,BHS,0.0137
2027,BIH,0.0338
2027,BLR,0.0128
2027,BLZ,0.0061
2027,BOL,0.0054
2027,BRA,0.0013
2027,BRB,0.0147
2027,BRN,0.0595
2027,BTN,0.0109
2027,BWA,0.0199
2027,CAF,0.0003
2027,CAN,0.0000
2027,CHE,0.0000
2027,CHL,0.0000
2027,CHN,0.0000
2027,CIV,0.0042
2027,CMR,0.0013
2027,COD,0.0003
2027,COG,0.0009
2027,COL,0.0000
2027,COM,0.0019
2027,CPV,0.0080
2027,CRI,0.0386
2027,CUB,0.0000
2027,CYP,0.0000
2027,CZE,0.0000
2027,DEU,0.0000
2027,DJI,0.0025
2027,DMA,0.0230
2027,DNK,0.0000
2027,DOM,0.0197
2027,DZA,0.0020
2027,ECU,0.0071
2027,EGY,0.0069
2027,ERI,0.0001
2027,ESP,0.0000
2027,EST,0.0000
2027,ETH,0.0007
2027,FIN,0.0000
2027,FJI,0.0055
2027,FRA,0.0000
2027,FSM,0.0092
2027,GAB,0.0029
2027,GBR,0.0000
2027,GEO,0.0727
2027,GHA,0.0110
2027,GIN,0.0019
2027,GMB,0.0009
2027,GNB,0.0006
2027,GNQ,0.0008
2027,GRC,0.0000
2027,GRD,0.0063
2027,GTM,0.0229
2027,GUY,0.0061
2027,HND,0.0074
2027,HRV,0.0000
2027,HTI,0.0014
2027,HUN,0.0000
2027,IDN,0.0107
2027,IND,0.0086
2027,IRL,0.0000
2027,IRN,0.0017
2027,IRQ,0.0120
2027,ISL,0.0000
2027,ISR,0.0014
2027,ITA,0.0000
2027,JAM,0.0223
2027,JOR,0.0059
2027,JPN,0.0000
2027,KAZ,0.0000
2027,KEN,0.0046
2027,KGZ,0.0078
2027,KHM,0.0029
2027,KIR,0.0055
2027,KNA,0.0207
2027,KOR,0.0000
2027,KOS,0.0304
2027,KWT,0.0367
2027,LAO,0.0044
2027,LBN,0.0142
2027,LBR,0.0023
2027,LBY,0.0075
2027,LCA,0.0109
2027,LKA,0.0033
2027,LSO,0.0108
2027,LTU,0.0000
2027,LUX,0.0000
2027,LVA,0.0000
2027,MAR,0.0004
2027,MDA,0.0416
2027,MDG,0.0030
2027,MDV,0.0076
2027,MEX,0.0000
2027,MHL,0.0101
2027,MKD,0.0730
2027,MLI,0.0031
2027,MLT,0.0000
2027,MMR,0.0025
2027,MNE,0.0624
2027,MNG,0.0396
2027,MOZ,0.0028
2027,MRT,0.0020
2027,MUS,0.0501
2027,MWI,0.0012
2027,MYS,0.0401
2027,NAM,0.0142
2027,NER,0.0013
2027,NGA,0.0750
2027,NIC,0.0078
2027,NLD,0.0000
2027,NOR,0.0000
2027,NPL,0.0032
2027,NZL,0.0000
2027,OMN,0.0266
2027,PAK,0.0003
2027,PAN,0.0202
2027,PER,0.0300
2027,PHL,0.0130
2027,PLW,0.0692
2027,PNG,0.0047
2027,POL,0.0000
2027,PRT,0.0000
2027,PRY,0.0270
2027,QAT,0.0109
2027,ROU,0.0000
2027,RUS,0.0359
2027,RWA,0.0024
2027,SAU,0.0147
2027,SDN,0.0007
2027,SEN,0.0039
2027,SGP,0.0000
2027,SLB,0.0035
2027,SLE,0.0011
2027,SLV,0.0127
2027,SMR,0.0472
2027,SOM,0.0001
2027,SRB,0.0736
2027,SSD,0.0006
2027,STP,0.0023
2027,SUR,0.0156
2027,SVK,0.0000
2027,SVN,0.0000
2027,SWE,0.0000
2027,SWZ,0.0021
2027,SYC,0.0147
2027,SYR,0.0003
2027,TCD,0.0010
2027,TGO,0.0009
2027,THA,0.0005
2027,TJK,0.0013
2027,TKM,0.0009
2027,TLS,0.0114
2027,TON,0.0082
2027,TTO,0.0194
2027,TUN,0.0155
2027,TUR,0.0393
2027,TUV,0.0057
2027,TZA,0.0016
2027,UGA,0.0010
2027,UKR,0.0000
2027,URY,0.0380
2027,USA,0.0000
2027,UZB,0.0019
2027,VCT,0.0077
2027,VNM,0.0004
2027,VUT,0.0093
2027,WSM,0.0077
2027,YEM,0.0006
2027,ZAF,0.0000
2027,ZMB,0.0030
2027,ZWE,0.0004
2028,AFG,0.0017
2028,AGO,0.0029
2028,ALB,0.0600
2028,ARE,0.0182
2028,ARG,0.0000
2028,ARM,0.0350
2028,ATG,0.0203
2028,AUS,0.0000
2028,AUT,0.0000
2028,AZE,0.0035
2028,BDI,0.0005
2028,BEL,0.0000
2028,BEN,0.0030
2028,BFA,0.0024
2028,BGD,0.0416
2028,BGR,0.0000
2028,BHR,0.0192
2028,BHS,0.0152
2028,BIH,0.0347
2028,BLR,0.0129
2028,BLZ,0.0062
2028,BOL,0.0053
2028,BRA,0.0012
2028,BRB,0.0159
2028,BRN,0.0574
2028,BTN,0.0123
2028,BWA,0.0207
2028,CAF,0.0003
2028,CAN,0.0000
2028,CHE,0.0000
2028,CHL,0.0000
2028,CHN,0.0000
2028,CIV,0.0043
2028,CMR,0.0010
2028,COD,0.0002
2028,COG,0.0010
2028,COL,0.0000
2028,COM,0.0017
2028,CPV,0.0091
2028,CRI,0.0368
2028,CUB,0.0000
2028,CYP,0.0000
2028,CZE,0.0000
2028,DEU,0.0000
2028,DJI,0.0027
2028,DMA,0.0258
2028,DNK,0.0000
2028,DOM,0.0194
2028,DZA,0.0016
2028,ECU,0.0071
2028,EGY,0.0068
2028,ERI,0.0000
2028,ESP,0.0000
2028,EST,0.0000
2028,ETH,0.0008
2028,FIN,0.0000
2028,FJI,0.0064
2028,FRA,0.0000
2028,FSM,0.0098
2028,GAB,0.0031
2028,GBR,0.0000
2028,GEO,0.0649
2028,GHA,0.0123
2028,GIN,0.0015
2028,GMB,0.0006
2028,GNB,0.0011
2028,GNQ,0.0008
2028,GRC,0.0000
2028,GRD,0.0069
2028,GTM,0.0222
2028,GUY,0.0072
2028,HND,0.0080
2028,HRV,0.0000
2028,HTI,0.0017
2028,HUN,0.0000
2028,IDN,0.0111
2028,IND,0.0090
2028,IRL,0.0000
2028,IRN,0.0017
2028,IRQ,0.0125
2028,ISL,0.0000
2028,ISR,0.0013
2028,ITA,0.0000
2028,JAM,0.0207
2028,JOR,0.0070
2028,JPN,0.0000
2028,KAZ,0.0000
2028,KEN,0.0036
2028,KGZ,0.0079
2028,KHM,0.0032
2028,KIR,0.0050
2028,KNA,0.0226
2028,KOR,0.0000
2028,KOS,0.0321
2028,KWT,0.0347
2028,LAO,0.0041
2028,LBN,0.0137
2028,LBR,0.0019
2028,LBY,0.0090
2028,LCA,0.0121
2028,LKA,0.0034
2028,LSO,0.0106
2028,LTU,0.0000
2028,LUX,0.0000
2028,LVA,0.0000
2028,MAR,0.0007
2028,MDA,0.0414
2028,MDG,0.0026
2028,MDV,0.0083
2028,MEX,0.0000
2028,MHL,0.0106
2028,MKD,0.0646
2028,MLI,0.0034
2028,MLT,0.0000
2028,MMR,0.0031
2028,MNE,0.0588
2028,MNG,0.0368
2028,MOZ,0.0035
2028,MRT,0.0018
2028,MUS,0.0486
2028,MWI,0.0012
2028,MYS,0.0406
2028,NAM,0.0124
2028,NER,0.0014
2028,NGA,0.0666
2028,NIC,0.0065
2028,NLD,0.0000
2028,NOR,0.0000
2028,NPL,0.0035
2028,NZL,0.0000
2028,OMN,0.0236
2028,PAK,0.0003
2028,PAN,0.0105
2028,PER,0.0295
2028,PHL,0.0128
2028,PLW,0.0638
2028,PNG,0.0060
2028,POL,0.0000
2028,PRT,0.0000
2028,PRY,0.0278
2028,QAT,0.0120
2028,ROU,0.0000
2028,RUS,0.0364
2028,RWA,0.0026
2028,SAU,0.0143
2028,SDN,0.0007
2028,SEN,0.0047
2028,SGP,0.0000
2028,SLB,0.0033
2028,SLE,0.0018
2028,SLV,0.0156
2028,SMR,0.0300
2028,SOM,0.0002
2028,SRB,0.0623
2028,SSD,0.0008
2028,STP,0.0026
2028,SUR,0.0161
2028,SVK,0.0000
2028,SVN,0.0000
2028,SWE,0.0000
2028,SWZ,0.0025
2028,SYC,0.0161
2028,SYR,0.0003
2028,TCD,0.0008
2028,TGO,0.0007
2028,THA,0.0002
2028,TJK,0.0017
2028,TKM,0.0008
2028,TLS,0.0116
2028,TON,0.0075
2028,TTO,0.0211
2028,TUN,0.0166
2028,TUR,0.0384
2028,TUV,0.0055
2028,TZA,0.0016
2028,UGA,0.0016
2028,UKR,0.0000
2028,URY,0.0379
2028,USA,0.0000
2028,UZB,0.0022
2028,VCT,0.0086
2028,VNM,0.0002
2028,VUT,0.0103
2028,WSM,0.0080
2028,YEM,0.0006
2028,ZAF,0.0000
2028,ZMB,0.0037
2028,ZWE,0.0003
2029,AFG,0.0013
2029,AGO,0.0035
2029,ALB,0.0535
2029,ARE,0.0204
2029,ARG,0.0000
2029,ARM,0.0361
2029,ATG,0.0220
2029,AUS,0.0000
2029,AUT,0.0000
2029,AZE,0.0036
2029,BDI,0.0006
2029,BEL,0.0000
2029,BEN,0.0020
2029,BFA,0.0027
2029,BGD,0.0441
2029,BGR,0.0000
2029,BHR,0.0206
2029,BHS,0.0140
2029,BIH,0.0338
2029,BLR,0.0133
2029,BLZ,0.0074
2029,BOL,0.0058
2029,BRA,0.0017
2029,BRB,0.0181
2029,BRN,0.0549
2029,BTN,0.0112
2029,BWA,0.0217
2029,CAF,0.0005
2029,CAN,0.0000
2029,CHE,0.0000
2029,CHL,0.0000
2029,CHN,0.0000
2029,CIV,0.0043
2029,CMR,0.0012
2029,COD,0.0003
2029,COG,0.0011
2029,COL,0.0000
2029,COM,0.0023
2029,CPV,0.0087
2029,CRI,0.0362
2029,CUB,0.0000
2029,CYP,0.0000
2029,CZE,0.0000
2029,DEU,0.0000
2029,DJI,0.0028
2029,DMA,0.0277
2029,DNK,0.0000
2029,DOM,0.0218
2029,DZA,0.0021
2029,ECU,0.0076
2029,EGY,0.0076
2029,ERI,0.0000
2029,ESP,0.0000
2029,EST,0.0000
2029,ETH,0.0007
2029,FIN,0.0000
2029,FJI,0.0059
2029,FRA,0.0000
2029,FSM,0.0100
2029,GAB,0.0033
2029,GBR,0.0000
2029,GEO,0.0571
2029,GHA,0.0123
2029,GIN,0.0013
2029,GMB,0.0005
2029,GNB,0.0010
2029,GNQ,0.0009
2029,GRC,0.0000
2029,GRD,0.0073
2029,GTM,0.0231
2029,GUY,0.0064
2029,HND,0.0084
2029,HRV,0.0000
2029,HTI,0.0018
2029,HUN,0.0000
2029,IDN,0.0108
2029,IND,0.0086
2029,IRL,0.0000
2029,IRN,0.0022
2029,IRQ,0.0125
2029,ISL,0.0000
2029,ISR,0.0015
2029,ITA,0.0000
2029,JAM,0.0228
2029,JOR,0.0071
2029,JPN,0.0000
2029,KAZ,0.0000
2029,KEN,0.0052
2029,KGZ,0.0082
2029,KHM,0.0031
2029,KIR,0.0058
2029,KNA,0.0252
2029,KOR,0.0000
2029,KOS,0.0317
2029,KWT,0.0371
2029,LAO,0.0038
2029,LBN,0.0142
2029,LBR,0.0024
2029,LBY,0.0082
2029,LCA,0.0124
2029,LKA,0.0046
2029,LSO,0.0101
2029,LTU,0.0000
2029,LUX,0.0000
2029,LVA,0.0000
2029,MAR,0.0005
2029,MDA,0.0380
2029,MDG,0.0030
2029,MDV,0.0096
2029,MEX,0.0000
2029,MHL,0.0118
2029,MKD,0.0579
2029,MLI,0.0031
2029,MLT,0.0000
2029,MMR,0.0029
2029,MNE,0.0546
2029,MNG,0.0390
2029,MOZ,0.0030
2029,MRT,0.0022
2029,MUS,0.0478
2029,MWI,0.0010
2029,MYS,0.0396
2029,NAM,0.0142
2029,NER,0.0014
2029,NGA,0.0576
2029,NIC,0.0075
2029,NLD,0.0000
2029,NOR,0.0000
2029,NPL,0.0031
2029,NZL,0.0000
2029,OMN,0.0266
2029,PAK,0.0004
2029,PAN,0.0051
2029,PER,0.0289
2029,PHL,0.0147
2029,PLW,0.0581
2029,PNG,0.0057
2029,POL,0.0000
2029,PRT,0.0000
2029,PRY,0.0242
2029,QAT,0.0136
2029,ROU,0.0000
2029,RUS,0.0371
2029,RWA,0.0025
2029,SAU,0.0165
2029,SDN,0.0006
2029,SEN,0.0040
2029,SGP,0.0000
2029,SLB,0.0035
2029,SLE,0.0016
2029,SLV,0.0144
2029,SMR,0.0197
2029,SOM,0.0001
2029,SRB,0.0519
2029,SSD,0.0010
2029,STP,0.0028
2029,SUR,0.0168
2029,SVK,0.0000
2029,SVN,0.0000
2029,SWE,0.0000
2029,SWZ,0.0030
2029,SYC,0.0185
2029,SYR,0.0003
2029,TCD,0.0009
2029,TGO,0.0011
2029,THA,0.0003
2029,TJK,0.0015
2029,TKM,0.0007
2029,TLS,0.0120
2029,TON,0.0077
2029,TTO,0.0204
2029,TUN,0.0164
2029,TUR,0.0371
2029,TUV,0.0065
2029,TZA,0.0016
2029,UGA,0.0015
2029,UKR,0.0000
2029,URY,0.0376
2029,USA,0.0000
2029,UZB,0.0026
2029,VCT,0.0097
2029,VNM,0.0003
2029,VUT,0.0114
2029,WSM,0.0088
2029,YEM,0.0007
2029,ZAF,0.0000
2029,ZMB,0.0032
2029,ZWE,0.0004
2030,AFG,0.0019
2030,AGO,0.0032
2030,ALB,0.0485
2030,ARE,0.0207
2030,ARG,0.0000
2030,ARM,0.0356
2030,ATG,0.0231
2030,AUS,0.0000
2030,AUT,0.0000
2030,AZE,0.0035
2030,BDI,0.0006
2030,BEL,0.0000
2030,BEN,0.0026
2030,BFA,0.0030
2030,BGD,0.0411
2030,BGR,0.0000
2030,BHR,0.0214
2030,BHS,0.0157
2030,BIH,0.0336
2030,BLR,0.0129
2030,BLZ,0.0074
2030,BOL,0.0057
2030,BRA,0.0014
2030,BRB,0.0188
2030,BRN,0.0514
2030,BTN,0.0126
2030,BWA,0.0216
2030,CAF,0.0006
2030,CAN,0.0000
2030,CHE,0.0000
2030,CHL,0.0000
2030,CHN,0.0000
2030,CIV,0.0046
2030,CMR,0.0013
2030,COD,0.0004
2030,COG,0.0005
2030,COL,0.0000
2030,COM,0.0026
2030,CPV,0.0100
2030,CRI,0.0376
2030,CUB,0.0000
2030,CYP,0.0000
2030,CZE,0.0000
2030,DEU,0.0000
2030,DJI,0.0025
2030,DMA,0.0239
2030,DNK,0.0000
2030,DOM,0.0210
2030,DZA,0.0023
2030,ECU,0.0073
2030,EGY,0.0074
2030,ERI,0.0001
2030,ESP,0.0000
2030,EST,0.0000
2030,ETH,0.0009
2030,FIN,0.0000
2030,FJI,0.0065
2030,FRA,0.0000
2030,FSM,0.0097
2030,GAB,0.0046
2030,GBR,0.0000
2030,GEO,0.0494
2030,GHA,0.0121
2030,GIN,0.0017
2030,GMB,0.0010
2030,GNB,0.0012
2030,GNQ,0.0008
2030,GRC,0.0000
2030,GRD,0.0085
2030,GTM,0.0254
2030,GUY,0.0067
2030,HND,0.0081
2030,HRV,0.0000
2030,HTI,0.0014
2030,HUN,0.0000
2030,IDN,0.0119
2030,IND,0.0090
2030,IRL,0.0000
2030,IRN,0.0020
2030,IRQ,0.0148
2030,ISL,0.0000
2030,ISR,0.0011
2030,ITA,0.0000
2030,JAM,0.0219
2030,JOR,0.0080
2030,JPN,0.0000
2030,KAZ,0.0000
2030,KEN,0.0048
2030,KGZ,0.0070
2030,KHM,0.0037
2030,KIR,0.0057
2030,KNA,0.0270
2030,KOR,0.0000
2030,KOS,0.0314
2030,KWT,0.0384
2030,LAO,0.0040
2030,LBN,0.0148
2030,LBR,0.0023
2030,LBY,0.0082
2030,LCA,0.0147
2030,LKA,0.0040
2030,LSO,0.0129
2030,LTU,0.0000
2030,LUX,0.0000
2030,LVA,0.0000
2030,MAR,0.0008
2030,MDA,0.0365
2030,MDG,0.0032
2030,MDV,0.0095
2030,MEX,0.0000
2030,MHL,0.0123
2030,MKD,0.0495
2030,MLI,0.0032
2030,MLT,0.0000
2030,MMR,0.0028
2030,MNE,0.0499
2030,MNG,0.0361
2030,MOZ,0.0030
2030,MRT,0.0024
2030,MUS,0.0452
2030,MWI,0.0010
2030,MYS,0.0395
2030,NAM,0.0146
2030,NER,0.0015
2030,NGA,0.0513
2030,NIC,0.0080
2030,NLD,0.0000
2030,NOR,0.0000
2030,NPL,0.0034
2030,NZL,0.0000
2030,OMN,0.0266
2030,PAK,0.0002
2030,PAN,0.0022
2030,PER,0.0291
2030,PHL,0.0130
2030,PLW,0.0530
2030,PNG,0.0063
2030,POL,0.0000
2030,PRT,0.0000
2030,PRY,0.0252
2030,QAT,0.0137
2030,ROU,0.0000
2030,RUS,0.0329
2030,RWA,0.0032
2030,SAU,0.0174
2030,SDN,0.0007
2030,SEN,0.0052
2030,SGP,0.0000
2030,SLB,0.0037
2030,SLE,0.0019
2030,SLV,0.0154
2030,SMR,0.0127
2030,SOM,0.0001
2030,SRB,0.0429
2030,SSD,0.0010
2030,STP,0.0026
2030,SUR,0.0155
2030,SVK,0.0000
2030,SVN,0.0000
2030,SWE,0.0000
2030,SWZ,0.0023
2030,SYC,0.0177
2030,SYR,0.0002
2030,TCD,0.0011
2030,TGO,0.0012
2030,THA,0.0004
2030,TJK,0.0016
2030,TKM,0.0006
2030,TLS,0.0136
2030,TON,0.0092
2030,TTO,0.0228
2030,TUN,0.0151
2030,TUR,0.0372
2030,TUV,0.0069
2030,TZA,0.0022
2030,UGA,0.0016
2030,UKR,0.0000
2030,URY,0.0369
2030,USA,0.0000
2030,UZB,0.0026
2030,VCT,0.0113
2030,VNM,0.0005
2030,VUT,0.0108
2030,WSM,0.0088
2030,YEM,0.0007
2030,ZAF,0.0000
2030,ZMB,0.0036
2030,ZWE,0.0006
2031,AFG,0.0013
2031,AGO,0.0036
2031,ALB,0.0464
2031,ARE,0.0219
2031,ARG,0.0000
2031,ARM,0.0337
2031,ATG,0.0235
2031,AUS,0.0000
2031,AUT,0.0000
2031,AZE,0.0045
2031,BDI,0.0005
2031,BEL,0.0000
2031,BEN,0.0023
2031,BFA,0.0033
2031,BGD,0.0398
2031,BGR,0.0000
2031,BHR,0.0236
2031,BHS,0.0145
2031,BIH,0.0329
2031,BLR,0.0131
2031,BLZ,0.0083
2031,BOL,0.0063
2031,BRA,0.0015
2031,BRB,0.0190
2031,BRN,0.0465
2031,BTN,0.0129
2031,BWA,0.0214
2031,CAF,0.0003
2031,CAN,0.0000
2031,CHE,0.0000
2031,CHL,0.0000
2031,CHN,0.0000
2031,CIV,0.0048
2031,CMR,0.0008
2031,COD,0.0004
2031,COG,0.0010
2031,COL,0.0000
2031,COM,0.0025
2031,CPV,0.0079
2031,CRI,0.0365
2031,CUB,0.0000
2031,CYP,0.0000
2031,CZE,0.0000
2031,DEU,0.0000
2031,DJI,0.0024
2031,DMA,0.0294
2031,DNK,0.0000
2031,DOM,0.0203
2031,DZA,0.0016
2031,ECU,0.0073
2031,EGY,0.0083
2031,ERI,0.0000
2031,ESP,0.0000
2031,EST,0.0000
2031,ETH,0.0011
2031,FIN,0.0000
2031,FJI,0.0067
2031,FRA,0.0000
2031,FSM,0.0103
2031,GAB,0.0044
2031,GBR,0.0000
2031,GEO,0.0422
2031,GHA,0.0127
2031,GIN,0.0015
2031,GMB,0.0014
2031,GNB,0.0015
2031,GNQ,0.0010
2031,GRC,0.0000
2031,GRD,0.0086
2031,GTM,0.0232
2031,GUY,0.0076
2031,HND,0.0092
2031,HRV,0.0000
2031,HTI,0.0020
2031,HUN,0.0000
2031,IDN,0.0130
2031,IND,0.0096
2031,IRL,0.0000
2031,IRN,0.0016
2031,IRQ,0.0133
2031,ISL,0.0000
2031,ISR,0.0015
2031,ITA,0.0000
2031,JAM,0.0222
2031,JOR,0.0063
2031,JPN,0.0000
2031,KAZ,0.0000
2031,KEN,0.0044
2031,KGZ,0.0078
2031,KHM,0.0036
2031,KIR,0.0060
2031,KNA,0.0272
2031,KOR,0.0000
2031,KOS,0.0316
2031,KWT,0.0352
2031,LAO,0.0045
2031,LBN,0.0158
2031,LBR,0.0026
2031,LBY,0.0089
2031,LCA,0.0163
2031,LKA,0.0041
2031,LSO,0.0109
2031,LTU,0.0000
2031,LUX,0.0000
2031,LVA,0.0000
2031,MAR,0.0006
2031,MDA,0.0354
2031,MDG,0.0029
2031,MDV,0.0103
2031,MEX,0.0000
2031,MHL,0.0112
2031,MKD,0.0423
2031,MLI,0.0036
2031,MLT,0.0000
2031,MMR,0.0034
2031,MNE,0.0470
2031,MNG,0.0358
2031,MOZ,0.0040
2031,MRT,0.0018
2031,MUS,0.0449
2031,MWI,0.0008
2031,MYS,0.0369
2031,NAM,0.0151
2031,NER,0.0017
2031,NGA,0.0461
2031,NIC,0.0089
2031,NLD,0.0000
2031,NOR,0.0000
2031,NPL,0.0040
2031,NZL,0.0000
2031,OMN,0.0276
2031,PAK,0.0003
2031,PAN,0.0010
2031,PER,0.0272
2031,PHL,0.0141
2031,PLW,0.0470
2031,PNG,0.0060
2031,POL,0.0000
2031,PRT,0.0000
2031,PRY,0.0258
2031,QAT,0.0155
2031,ROU,0.0000
2031,RUS,0.0336
2031,RWA,0.0037
2031,SAU,0.0167
2031,SDN,0.0004
2031,SEN,0.0051
2031,SGP,0.0000
2031,SLB,0.0042
2031,SLE,0.0016
2031,SLV,0.0157
2031,SMR,0.0075
2031,SOM,0.0001
2031,SRB,0.0362
2031,SSD,0.0006
2031,STP,0.0035
2031,SUR,0.0166
2031,SVK,0.0000
2031,SVN,0.0000
2031,SWE,0.0000
2031,SWZ,0.0027
2031,SYC,0.0175
2031,SYR,0.0004
2031,TCD,0.0011
2031,TGO,0.0016
2031,THA,0.0003
2031,TJK,0.0017
2031,TKM,0.0009
2031,TLS,0.0123
2031,TON,0.0090
2031,TTO,0.0232
2031,TUN,0.0148
2031,TUR,0.0339
2031,TUV,0.0069
2031,TZA,0.0020
2031,UGA,0.0019
2031,UKR,0.0000
2031,URY,0.0352
2031,USA,0.0000
2031,UZB,0.0021
2031,VCT,0.0126
2031,VNM,0.0005
2031,VUT,0.0113
2031,WSM,0.0093
2031,YEM,0.0010
2031,ZAF,0.0000
2031,ZMB,0.0039
2031,ZWE,0.0003
2032,AFG,0.0021
2032,AGO,0.0033
2032,ALB,0.0444
2032,ARE,0.0219
2032,ARG,0.0000
2032,ARM,0.0345
2032,ATG,0.0267
2032,AUS,0.0000
2032,AUT,0.0000
2032,AZE,0.0039
2032,BDI,0.0005
2032,BEL,0.0000
2032,BEN,0.0030
2032,BFA,0.0028
2032,BGD,0.0387
2032,BGR,0.0000
2032,BHR,0.0229
2032,BHS,0.0151
2032,BIH,0.0316
2032,BLR,0.0131
2032,BLZ,0.0084
2032,BOL,0.0066
2032,BRA,0.0019
2032,BRB,0.0208
2032,BRN,0.0433
2032,BTN,0.0144
2032,BWA,0.0226
2032,CAF,0.0003
2032,CAN,0.0000
2032,CHE,0.0000
2032,CHL,0.0000
2032,CHN,0.0000
2032,CIV,0.0056
2032,CMR,0.0011
2032,COD,0.0004
2032,COG,0.0009
2032,COL,0.0000
2032,COM,0.0024
2032,CPV,0.0093
2032,CRI,0.0354
2032,CUB,0.0000
2032,CYP,0.0000
2032,CZE,0.0000
2032,DEU,0.0000
2032,DJI,0.0028
2032,DMA,0.0319
2032,DNK,0.0000
2032,DOM,0.0217
2032,DZA,0.0024
2032,ECU,0.0079
2032,EGY,0.0074
2032,ERI,0.0000
2032,ESP,0.0000
2032,EST,0.0000
2032,ETH,0.0007
2032,FIN,0.0000
2032,FJI,0.0075
2032,FRA,0.0000
2032,FSM,0.0110
2032,GAB,0.0045
2032,GBR,0.0000
2032,GEO,0.0371
2032,GHA,0.0134
2032,GIN,0.0020
2032,GMB,0.0012
2032,GNB,0.0016
2032,GNQ,0.0009
2032,GRC,0.0000
2032,GRD,0.0116
2032,GTM,0.0254
2032,GUY,0.0076
2032,HND,0.0094
2032,HRV,0.0000
2032,HTI,0.0017
2032,HUN,0.0000
2032,IDN,0.0124
2032,IND,0.0097
2032,IRL,0.0000
2032,IRN,0.0025
2032,IRQ,0.0142
2032,ISL,0.0000
2032,ISR,0.0014
2032,ITA,0.0000
2032,JAM,0.0218
2032,JOR,0.0077
2032,JPN,0.0000
2032,KAZ,0.0000
2032,KEN,0.0048
2032,KGZ,0.0081
2032,KHM,0.0040
2032,KIR,0.0070
2032,KNA,0.0293
2032,KOR,0.0000
2032,KOS,0.0321
2032,KWT,0.0370
2032,LAO,0.0048
2032,LBN,0.0154
2032,LBR,0.0029
2032,LBY,0.0090
2032,LCA,0.0162
2032,LKA,0.0047
2032,LSO,0.0088
2032,LTU,0.0000
2032,LUX,0.0000
2032,LVA,0.0000
2032,MAR,0.0006
2032,MDA,0.0338
2032,MDG,0.0029
2032,MDV,0.0102
2032,MEX,0.0000
2032,MHL,0.0124
2032,MKD,0.0393
2032,MLI,0.0035
2032,MLT,0.0000
2032,MMR,0.0026
2032,MNE,0.0432
2032,MNG,0.0347
2032,MOZ,0.0037
2032,MRT,0.0023
2032,MUS,0.0419
2032,MWI,0.0012
2032,MYS,0.0384
2032,NAM,0.0148
2032,NER,0.0015
2032,NGA,0.0402
2032,NIC,0.0082
2032,NLD,0.0000
2032,NOR,0.0000
2032,NPL,0.0041
2032,NZL,0.0000
2032,OMN,0.0263
2032,PAK,0.0005
2032,PAN,0.0003
2032,PER,0.0274
2032,PHL,0.0143
2032,PLW,0.0427
2032,PNG,0.0066
2032,POL,0.0000
2032,PRT,0.0000
2032,PRY,0.0260
2032,QAT,0.0159
2032,ROU,0.0000
2032,RUS,0.0318
2032,RWA,0.0029
2032,SAU,0.0177
2032,SDN,0.0007
2032,SEN,0.0045
2032,SGP,0.0000
2032,SLB,0.0048
2032,SLE,0.0014
2032,SLV,0.0178
2032,SMR,0.0050
2032,SOM,0.0002
2032,SRB,0.0287
2032,SSD,0.0010
2032,STP,0.0030
2032,SUR,0.0169
2032,SVK,0.0000
2032,SVN,0.0000
2032,SWE,0.0000
2032,SWZ,0.0034
2032,SYC,0.0182
2032,SYR,0.0003
2032,TCD,0.0012
2032,TGO,0.0013
2032,THA,0.0003
2032,TJK,0.0014
2032,TKM,0.0009
2032,TLS,0.0136
2032,TON,0.0085
2032,TTO,0.0252
2032,TUN,0.0169
2032,TUR,0.0319
2032,TUV,0.0061
2032,TZA,0.0018
2032,UGA,0.0016
2032,UKR,0.0000
2032,URY,0.0338
2032,USA,0.0000
2032,UZB,0.0031
2032,VCT,0.0132
2032,VNM,0.0004
2032,VUT,0.0108
2032,WSM,0.0093
2032,YEM,0.0008
2032,ZAF,0.0000
2032,ZMB,0.0039
2032,ZWE,0.0004
2033,AFG,0.0017
2033,AGO,0.0039
2033,ALB,0.0384
2033,ARE,0.0221
2033,ARG,0.0000
2033,ARM,0.0318
2033,ATG,0.0273
2033,AUS,0.0000
2033,AUT,0.0000
2033,AZE,0.0041
2033,BDI,0.0007
2033,BEL,0.0000
2033,BEN,0.0021
2033,BFA,0.0034
2033,BGD,0.0391
2033,BGR,0.0000
2033,BHR,0.0243
2033,BHS,0.0153
2033,BIH,0.0297
2033,BLR,0.0132
2033,BLZ,0.0085
2033,BOL,0.0063
2033,BRA,0.0022
2033,BRB,0.0216
2033,BRN,0.0432
2033,BTN,0.0146
2033,BWA,0.0227
2033,CAF,0.0004
2033,CAN,0.0000
2033,CHE,0.0000
2033,CHL,0.0000
2033,CHN,0.0000
2033,CIV,0.0054
2033,CMR,0.0007
2033,COD,0.0003
2033,COG,0.0008
2033,COL,0.0000
2033,COM,0.0026
2033,CPV,0.0100
2033,CRI,0.0328
2033,CUB,0.0000
2033,CYP,0.0000
2033,CZE,0.0000
2033,DEU,0.0000
2033,DJI,0.0032
2033,DMA,0.0334
2033,DNK,0.0000
2033,DOM,0.0210
2033,DZA,0.0022
2033,ECU,0.0077
2033,EGY,0.0087
2033,ERI,0.0001
2033,ESP,0.0000
2033,EST,0.0000
2033,ETH,0.0012
2033,FIN,0.0000
2033,FJI,0.0070
2033,FRA,0.0000
2033,FSM,0.0106
2033,GAB,0.0045
2033,GBR,0.0000
2033,GEO,0.0331
2033,GHA,0.0131
2033,GIN,0.0015
2033,GMB,0.0010
2033,GNB,0.0013
2033,GNQ,0.0010
2033,GRC,0.0000
2033,GRD,0.0111
2033,GTM,0.0262
2033,GUY,0.0078
2033,HND,0.0099
2033,HRV,0.0000
2033,HTI,0.0020
2033,HUN,0.0000
2033,IDN,0.0130
2033,IND,0.0087
2033,IRL,0.0000
2033,IRN,0.0026
2033,IRQ,0.0163
2033,ISL,0.0000
2033,ISR,0.0019
2033,ITA,0.0000
2033,JAM,0.0218
2033,JOR,0.0073
2033,JPN,0.0000
2033,KAZ,0.0000
2033,KEN,0.0045
2033,KGZ,0.0084
2033,KHM,0.0041
2033,KIR,0.0057
2033,KNA,0.0309
2033,KOR,0.0000
2033,KOS,0.0331
2033,KWT,0.0366
2033,LAO,0.0054
2033,LBN,0.0151
2033,LBR,0.0033
2033,LBY,0.0094
2033,LCA,0.0190
2033,LKA,0.0047
2033,LSO,0.0125
2033,LTU,0.0000
2033,LUX,0.0000
2033,LVA,0.0000
2033,MAR,0.0008
2033,MDA,0.0317
2033,MDG,0.0038
2033,MDV,0.0119
2033,MEX,0.0000
2033,MHL,0.0114
2033,MKD,0.0331
2033,MLI,0.0045
2033,MLT,0.0000
2033,MMR,0.0029
2033,MNE,0.0403
2033,MNG,0.0344
2033,MOZ,0.0035
2033,MRT,0.0023
2033,MUS,0.0404
2033,MWI,0.0013
2033,MYS,0.0338
2033,NAM,0.0146
2033,NER,0.0015
2033,NGA,0.0360
2033,NIC,0.0085
2033,NLD,0.0000
2033,NOR,0.0000
2033,NPL,0.0043
2033,NZL,0.0000
2033,OMN,0.0283
2033,PAK,0.0002
2033,PAN,0.0003
2033,PER,0.0284
2033,PHL,0.0148
2033,PLW,0.0381
2033,PNG,0.0067
2033,POL,0.0000
2033,PRT,0.0000
2033,PRY,0.0263
2033,QAT,0.0177
2033,ROU,0.0000
2033,RUS,0.0303
2033,RWA,0.0032
2033,SAU,0.0181
2033,SDN,0.0007
2033,SEN,0.0048
2033,SGP,0.0000
2033,SLB,0.0042
2033,SLE,0.0027
2033,SLV,0.0191
2033,SMR,0.0027
2033,SOM,0.0001
2033,SRB,0.0222
2033,SSD,0.0006
2033,STP,0.0028
2033,SUR,0.0187
2033,SVK,0.0000
2033,SVN,0.0000
2033,SWE,0.0000
2033,SWZ,0.0033
2033,SYC,0.0176
2033,SYR,0.0004
2033,TCD,0.0013
2033,TGO,0.0012
2033,THA,0.0005
2033,TJK,0.0021
2033,TKM,0.0013
2033,TLS,0.0142
2033,TON,0.0095
2033,TTO,0.0248
2033,TUN,0.0146
2033,TUR,0.0321
2033,TUV,0.0070
2033,TZA,0.0017
2033,UGA,0.0018
2033,UKR,0.0000
2033,URY,0.0324
2033,USA,0.0000
2033,UZB,0.0028
2033,VCT,0.0156
2033,VNM,0.0004
2033,VUT,0.0111
2033,WSM,0.0098
2033,YEM,0.0011
2033,ZAF,0.0000
2033,ZMB,0.0041
2033,ZWE,0.0004
2034,AFG,0.0021
2034,AGO,0.0035
2034,ALB,0.0347
2034,ARE,0.0225
2034,ARG,0.0000
2034,ARM,0.0323
2034,ATG,0.0289
2034,AUS,0.0000
2034,AUT,0.0000
2034,AZE,0.0043
2034,BDI,0.0004
2034,BEL,0.0000
2034,BEN,0.0027
2034,BFA,0.0032
2034,BGD,0.0358
2034,BGR,0.0000
2034,BHR,0.0242
2034,BHS,0.0166
2034,BIH,0.0273
2034,BLR,0.0126
2034,BLZ,0.0078
2034,BOL,0.0064
2034,BRA,0.0017
2034,BRB,0.0239
2034,BRN,0.0393
2034,BTN,0.0136
2034,BWA,0.0230
2034,CAF,0.0008
2034,CAN,0.0000
2034,CHE,0.0000
2034,CHL,0.0000
2034,CHN,0.0000
2034,CIV,0.0064
2034,CMR,0.0014
2034,COD,0.0003
2034,COG,0.0013
2034,COL,0.0000
2034,COM,0.0033
2034,CPV,0.0095
2034,CRI,0.0336
2034,CUB,0.0000
2034,CYP,0.0000
2034,CZE,0.0000
2034,DEU,0.0000
2034,DJI,0.0029
2034,DMA,0.0327
2034,DNK,0.0000
2034,DOM,0.0218
2034,DZA,0.0019
2034,ECU,0.0085
2034,EGY,0.0083
2034,ERI,0.0001
2034,ESP,0.0000
2034,EST,0.0000
2034,ETH,0.0013
2034,FIN,0.0000
2034,FJI,0.0072
2034,FRA,0.0000
2034,FSM,0.0117
2034,GAB,0.0049
2034,GBR,0.0000
2034,GEO,0.0264
2034,GHA,0.0137
2034,GIN,0.0017
2034,GMB,0.0011
2034,GNB,0.0016
2034,GNQ,0.0013
2034,GRC,0.0000
2034,GRD,0.0119
2034,GTM,0.0263
2034,GUY,0.0085
2034,HND,0.0109
2034,HRV,0.0000
2034,HTI,0.0021
2034,HUN,0.0000
2034,IDN,0.0131
2034,IND,0.0100
2034,IRL,0.0000
2034,IRN,0.0025
2034,IRQ,0.0169
2034,ISL,0.0000
2034,ISR,0.0018
2034,ITA,0.0000
2034,JAM,0.0217
2034,JOR,0.0081
2034,JPN,0.0000
2034,KAZ,0.0000
2034,KEN,0.0049
2034,KGZ,0.0079
2034,KHM,0.0043
2034,KIR,0.0065
2034,KNA,0.0305
2034,KOR,0.0000
2034,KOS,0.0306
2034,KWT,0.0356
2034,LAO,0.0042
2034,LBN,0.0154
2034,LBR,0.0022
2034,LBY,0.0087
2034,LCA,0.0197
2034,LKA,0.0045
2034,LSO,0.0120
2034,LTU,0.0000
2034,LUX,0.0000
2034,LVA,0.0000
2034,MAR,0.0006
2034,MDA,0.0321
2034,MDG,0.0036
2034,MDV,0.0104
2034,MEX,0.0000
2034,MHL,0.0124
2034,MKD,0.0276
2034,MLI,0.0035
2034,MLT,0.0000
2034,MMR,0.0036
2034,MNE,0.0346
2034,MNG,0.0314
2034,MOZ,0.0041
2034,MRT,0.0024
2034,MUS,0.0363
2034,MWI,0.0017
2034,MYS,0.0354
2034,NAM,0.0154
2034,NER,0.0020
2034,NGA,0.0304
2034,NIC,0.0096
2034,NLD,0.0000
2034,NOR,0.0000
2034,NPL,0.0039
2034,NZL,0.0000
2034,OMN,0.0277
2034,PAK,0.0002
2034,PAN,0.0001
2034,PER,0.0279
2034,PHL,0.0175
2034,PLW,0.0339
2034,PNG,0.0070
2034,POL,0.0000
2034,PRT,0.0000
2034,PRY,0.0281
2034,QAT,0.0179
2034,ROU,0.0000
2034,RUS,0.0289
2034,RWA,0.0037
2034,SAU,0.0180
2034,SDN,0.0008
2034,SEN,0.0047
2034,SGP,0.0000
2034,SLB,0.0039
2034,SLE,0.0019
2034,SLV,0.0178
2034,SMR,0.0019
2034,SOM,0.0002
2034,SRB,0.0181
2034,SSD,0.0010
2034,STP,0.0035
2034,SUR,0.0183
2034,SVK,0.0000
2034,SVN,0.0000
2034,SWE,0.0000
2034,SWZ,0.0034
2034,SYC,0.0188
2034,SYR,0.0005
2034,TCD,0.0012
2034,TGO,0.0015
2034,THA,0.0003
2034,TJK,0.0016
2034,TKM,0.0010
2034,TLS,0.0146
2034,TON,0.0096
2034,TTO,0.0263
2034,TUN,0.0160
2034,TUR,0.0319
2034,TUV,0.0073
2034,TZA,0.0022
2034,UGA,0.0019
2034,UKR,0.0000
2034,URY,0.0311
2034,USA,0.0000
2034,UZB,0.0028
2034,VCT,0.0164
2034,VNM,0.0005
2034,VUT,0.0125
2034,WSM,0.0094
2034,YEM,0.0011
2034,ZAF,0.0000
2034,ZMB,0.0042
2034,ZWE,0.0006
2035,AFG,0.0022
2035,AGO,0.0049
2035,ALB,0.0316
2035,ARE,0.0252
2035,ARG,0.0000
2035,ARM,0.0308
2035,ATG,0.0303
2035,AUS,0.0000
2035,AUT,0.0000
2035,AZE,0.0053
2035,BDI,0.0005
2035,BEL,0.0000
2035,BEN,0.0028
2035,BFA,0.0034
2035,BGD,0.0354
2035,BGR,0.0000
2035,BHR,0.0246
2035,BHS,0.0157
2035,BIH,0.0280
2035,BLR,0.0139
2035,BLZ,0.0095
2035,BOL,0.0069
2035,BRA,0.0018
2035,BRB,0.0239
2035,BRN,0.0355
2035,BTN,0.0148
2035,BWA,0.0228
2035,CAF,0.0006
2035,CAN,0.0000
2035,CHE,0.0000
2035,CHL,0.0000
2035,CHN,0.0000
2035,CIV,0.0053
2035,CMR,0.0015
2035,COD,0.0003
2035,COG,0.0012
2035,COL,0.0000
2035,COM,0.0026
2035,CPV,0.0103
2035,CRI,0.0331
2035,CUB,0.0000
2035,CYP,0.0000
2035,CZE,0.0000
2035,DEU,0.0000
2035,DJI,0.0026
2035,DMA,0.0318
2035,DNK,0.0000
2035,DOM,0.0214
2035,DZA,0.0020
2035,ECU,0.0084
2035,EGY,0.0085
2035,ERI,0.0000
2035,ESP,0.0000
2035,EST,0.0000
2035,ETH,0.0013
2035,FIN,0.0000
2035,FJI,0.0085
2035,FRA,0.0000
2035,FSM,0.0108
2035,GAB,0.0046
2035,GBR,0.0000
2035,GEO,0.0215
2035,GHA,0.0148
2035,GIN,0.0021
2035,GMB,0.0013
2035,GNB,0.0018
2035,GNQ,0.0012
2035,GRC,0.0000
2035,GRD,0.0125
2035,GTM,0.0252
2035,GUY,0.0093
2035,HND,0.0107
2035,HRV,0.0000
2035,HTI,0.0027
2035,HUN,0.0000
2035,IDN,0.0134
2035,IND,0.0090
2035,IRL,0.0000
2035,IRN,0.0027
2035,IRQ,0.0156
2035,ISL,0.0000
2035,ISR,0.0015
2035,ITA,0.0000
2035,JAM,0.0252
2035,JOR,0.0092
2035,JPN,0.0000
2035,KAZ,0.0000
2035,KEN,0.0056
2035,KGZ,0.0092
2035,KHM,0.0046
2035,KIR,0.0069
2035,KNA,0.0316
2035,KOR,0.0000
2035,KOS,0.0293
2035,KWT,0.0342
2035,LAO,0.0051
2035,LBN,0.0164
2035,LBR,0.0031
2035,LBY,0.0087
2035,LCA,0.0207
2035,LKA,0.0047
2035,LSO,0.0123
2035,LTU,0.0000
2035,LUX,0.0000
2035,LVA,0.0000
2035,MAR,0.0006
2035,MDA,0.0308
2035,MDG,0.0033
2035,MDV,0.0107
2035,MEX,0.0000
2035,MHL,0.0132
2035,MKD,0.0247
2035,MLI,0.0048
2035,MLT,0.0000
2035,MMR,0.0039
2035,MNE,0.0327
2035,MNG,0.0331
2035,MOZ,0.0037
2035,MRT,0.0021
2035,MUS,0.0359
2035,MWI,0.0013
2035,MYS,0.0338
2035,NAM,0.0164
2035,NER,0.0015
2035,NGA,0.0244
2035,NIC,0.0111
2035,NLD,0.0000
2035,NOR,0.0000
2035,NPL,0.0043
2035,NZL,0.0000
2035,OMN,0.0299
2035,PAK,0.0003
2035,PAN,0.0000
2035,PER,0.0270
2035,PHL,0.0158
2035,PLW,0.0286
2035,PNG,0.0070
2035,POL,0.0000
2035,PRT,0.0000
2035,PRY,0.0266
2035,QAT,0.0184
2035,ROU,0.0000
2035,RUS,0.0295
2035,RWA,0.0031
2035,SAU,0.0180
2035,SDN,0.0009
2035,SEN,0.0055
2035,SGP,0.0000
2035,SLB,0.0047
2035,SLE,0.0020
2035,SLV,0.0211
2035,SMR,0.0012
2035,SOM,0.0003
2035,SRB,0.0141
2035,SSD,0.0010
2035,STP,0.0034
2035,SUR,0.0187
2035,SVK,0.0000
2035,SVN,0.0000
2035,SWE,0.0000
2035,SWZ,0.0034
2035,SYC,0.0195
2035,SYR,0.0004
2035,TCD,0.0015
2035,TGO,0.0013
2035,THA,0.0005
2035,TJK,0.0018
2035,TKM,0.0010
2035,TLS,0.0148
2035,TON,0.0102
2035,TTO,0.0247
2035,TUN,0.0154
2035,TUR,0.0292
2035,TUV,0.0075
2035,TZA,0.0024
2035,UGA,0.0024
2035,UKR,0.0000
2035,URY,0.0288
2035,USA,0.0000
2035,UZB,0.0030
2035,VCT,0.0186
2035,VNM,0.0003
2035,VUT,0.0131
2035,WSM,0.0096
2035,YEM,0.0008
2035,ZAF,0.0000
2035,ZMB,0.0042
2035,ZWE,0.0004
2036,AFG,0.0024
2036,AGO,0.0043
2036,ALB,0.0310
2036,ARE,0.0241
2036,ARG,0.0000
2036,ARM,0.0311
2036,ATG,0.0321
2036,AUS,0.0000
2036,AUT,0.0000
2036,AZE,0.0039
2036,BDI,0.0005
2036,BEL,0.0000
2036,BEN,0.0035
2036,BFA,0.0031
2036,BGD,0.0321
2036,BGR,0.0000
2036,BHR,0.0262
2036,BHS,0.0177
2036,BIH,0.0292
2036,BLR,0.0137
2036,BLZ,0.0083
2036,BOL,0.0071
2036,BRA,0.0018
2036,BRB,0.0234
2036,BRN,0.0315
2036,BTN,0.0148
2036,BWA,0.0243
2036,CAF,0.0006
2036,CAN,0.0000
2036,CHE,0.0000
2036,CHL,0.0000
2036,CHN,0.0000
2036,CIV,0.0054
2036,CMR,0.0014
2036,COD,0.0006
2036,COG,0.0013
2036,COL,0.0000
2036,COM,0.0027
2036,CPV,0.0107
2036,CRI,0.0310
2036,CUB,0.0000
2036,CYP,0.0000
2036,CZE,0.0000
2036,DEU,0.0000
2036,DJI,0.0035
2036,DMA,0.0346
2036,DNK,0.0000
2036,DOM,0.0226
2036,DZA,0.0018
2036,ECU,0.0078
2036,EGY,0.0085
2036,ERI,0.0001
2036,ESP,0.0000
2036,EST,0.0000
2036,ETH,0.0009
2036,FIN,0.0000
2036,FJI,0.0082
2036,FRA,0.0000
2036,FSM,0.0121
2036,GAB,0.0048
2036,GBR,0.0000
2036,GEO,0.0194
2036,GHA,0.0145
2036,GIN,0.0019
2036,GMB,0.0012
2036,GNB,0.0014
2036,GNQ,0.0009
2036,GRC,0.0000
2036,GRD,0.0136
2036,GTM,0.0243
2036,GUY,0.0093
2036,HND,0.0104
2036,HRV,0.0000
2036,HTI,0.0019
2036,HUN,0.0000
2036,IDN,0.0138
2036,IND,0.0101
2036,IRL,0.0000
2036,IRN,0.0017
2036,IRQ,0.0163
2036,ISL,0.0000
2036,ISR,0.0020
2036,ITA,0.0000
2036,JAM,0.0236
2036,JOR,0.0084
2036,JPN,0.0000
2036,KAZ,0.0000
2036,KEN,0.0052
2036,KGZ,0.0089
2036,KHM,0.0042
2036,KIR,0.0074
2036,KNA,0.0319
2036,KOR,0.0000
2036,KOS,0.0269
2036,KWT,0.0334
2036,LAO,0.0045
2036,LBN,0.0160
2036,LBR,0.0030
2036,LBY,0.0089
2036,LCA,0.0218
2036,LKA,0.0057
2036,LSO,0.0123
2036,LTU,0.0000
2036,LUX,0.0000
2036,LVA,0.0000
2036,MAR,0.0009
2036,MDA,0.0272
2036,MDG,0.0038
2036,MDV,0.0116
2036,MEX,0.0000
2036,MHL,0.0123
2036,MKD,0.0216
2036,MLI,0.0047
2036,MLT,0.0000
2036,MMR,0.0044
2036,MNE,0.0272
2036,MNG,0.0294
2036,MOZ,0.0043
2036,MRT,0.0030
2036,MUS,0.0356
2036,MWI,0.0012
2036,MYS,0.0318
2036,NAM,0.0162
2036,NER,0.0024
2036,NGA,0.0216
2036,NIC,0.0100
2036,NLD,0.0000
2036,NOR,0.0000
2036,NPL,0.0049
2036,NZL,0.0000
2036,OMN,0.0294
2036,PAK,0.0004
2036,PAN,0.0000
2036,PER,0.0274
2036,PHL,0.0165
2036,PLW,0.0228
2036,PNG,0.0084
2036,POL,0.0000
2036,PRT,0.0000
2036,PRY,0.0263
2036,QAT,0.0189
2036,ROU,0.0000
2036,RUS,0.0280
2036,RWA,0.0035
2036,SAU,0.0185
2036,SDN,0.0008
2036,SEN,0.0043
2036,SGP,0.0000
2036,SLB,0.0047
2036,SLE,0.0015
2036,SLV,0.0179
2036,SMR,0.0006
2036,SOM,0.0001
2036,SRB,0.0124
2036,SSD,0.0013
2036,STP,0.0038
2036,SUR,0.0198
2036,SVK,0.0000
2036,SVN,0.0000
2036,SWE,0.0000
2036,SWZ,0.0034
2036,SYC,0.0204
2036,SYR,0.0003
2036,TCD,0.0009
2036,TGO,0.0017
2036,THA,0.0004
2036,TJK,0.0021
2036,TKM,0.0009
2036,TLS,0.0145
2036,TON,0.0102
2036,TTO,0.0263
2036,TUN,0.0138
2036,TUR,0.0288
2036,TUV,0.0076
2036,TZA,0.0016
2036,UGA,0.0024
2036,UKR,0.0000
2036,URY,0.0294
2036,USA,0.0000
2036,UZB,0.0024
2036,VCT,0.0191
2036,VNM,0.0003
2036,VUT,0.0115
2036,WSM,0.0113
2036,YEM,0.0010
2036,ZAF,0.0000
2036,ZMB,0.0048
2036,ZWE,0.0007
2037,AFG,0.0022
2037,AGO,0.0042
2037,ALB,0.0254
2037,ARE,0.0248
2037,ARG,0.0000
2037,ARM,0.0300
2037,ATG,0.0320
2037,AUS,0.0000
2037,AUT,0.0000
2037,AZE,0.0055
2037,BDI,0.0006
2037,BEL,0.0000
2037,BEN,0.0030
2037,BFA,0.0035
2037,BGD,0.0317
2037,BGR,0.0000
2037,BHR,0.0268
2037,BHS,0.0169
2037,BIH,0.0268
2037,BLR,0.0125
2037,BLZ,0.0095
2037,BOL,0.0083
2037,BRA,0.0023
2037,BRB,0.0265
2037,BRN,0.0269
2037,BTN,0.0142
2037,BWA,0.0236
2037,CAF,0.0005
2037,CAN,0.0000
2037,CHE,0.0000
2037,CHL,0.0000
2037,CHN,0.0000
2037,CIV,0.0061
2037,CMR,0.0012
2037,COD,0.0007
2037,COG,0.0014
2037,COL,0.0000
2037,COM,0.0030
2037,CPV,0.0097
2037,CRI,0.0300
2037,CUB,0.0000
2037,CYP,0.0000
2037,CZE,0.0000
2037,DEU,0.0000
2037,DJI,0.0034
2037,DMA,0.0339
2037,DNK,0.0000
2037,DOM,0.0222
2037,DZA,0.0024
2037,ECU,0.0087
2037,EGY,0.0089
2037,ERI,0.0000
2037,ESP,0.0000
2037,EST,0.0000
2037,ETH,0.0013
2037,FIN,0.0000
2037,FJI,0.0096
2037,FRA,0.0000
2037,FSM,0.0126
2037,GAB,0.0052
2037,GBR,0.0000
2037,GEO,0.0168
2037,GHA,0.0134
2037,GIN,0.0020
2037,GMB,0.0015
2037,GNB,0.0015
2037,GNQ,0.0013
2037,GRC,0.0000
2037,GRD,0.0140
2037,GTM,0.0247
2037,GUY,0.0099
2037,HND,0.0108
2037,HRV,0.0000
2037,HTI,0.0023
2037,HUN,0.0000
2037,IDN,0.0127
2037,IND,0.0101
2037,IRL,0.0000
2037,IRN,0.0018
2037,IRQ,0.0169
2037,ISL,0.0000
2037,ISR,0.0015
2037,ITA,0.0000
2037,JAM,0.0233
2037,JOR,0.0084
2037,JPN,0.0000
2037,KAZ,0.0000
2037,KEN,0.0058
2037,KGZ,0.0085
2037,KHM,0.0043
2037,KIR,0.0085
2037,KNA,0.0338
2037,KOR,0.0000
2037,KOS,0.0277
2037,KWT,0.0346
2037,LAO,0.0053
2037,LBN,0.0163
2037,LBR,0.0038
2037,LBY,0.0090
2037,LCA,0.0210
2037,LKA,0.0054
2037,LSO,0.0124
2037,LTU,0.0000
2037,LUX,0.0000
2037,LVA,0.0000
2037,MAR,0.0008
2037,MDA,0.0267
2037,MDG,0.0037
2037,MDV,0.0121
2037,MEX,0.0000
2037,MHL,0.0132
2037,MKD,0.0173
2037,MLI,0.0040
2037,MLT,0.0000
2037,MMR,0.0037
2037,MNE,0.0259
2037,MNG,0.0288
2037,MOZ,0.0040
2037,MRT,0.0028
2037,MUS,0.0297
2037,MWI,0.0014
2037,MYS,0.0303
2037,NAM,0.0164
2037,NER,0.0019
2037,NGA,0.0195
2037,NIC,0.0104
2037,NLD,0.0000
2037,NOR,0.0000
2037,NPL,0.0044
2037,NZL,0.0000
2037,OMN,0.0304
2037,PAK,0.0004
2037,PAN,0.0000
2037,PER,0.0259
2037,PHL,0.0148
2037,PLW,0.0224
2037,PNG,0.0072
2037,POL,0.0000
2037,PRT,0.0000
2037,PRY,0.0234
2037,QAT,0.0189
2037,ROU,0.0000
2037,RUS,0.0260
2037,RWA,0.0041
2037,SAU,0.0195
2037,SDN,0.0007
2037,SEN,0.0058
2037,SGP,0.0000
2037,SLB,0.0049
2037,SLE,0.0024
2037,SLV,0.0200
2037,SMR,0.0007
2037,SOM,0.0002
2037,SRB,0.0084
2037,SSD,0.0010
2037,STP,0.0041
2037,SUR,0.0194
2037,SVK,0.0000
2037,SVN,0.0000
2037,SWE,0.0000
2037,SWZ,0.0038
2037,SYC,0.0198
2037,SYR,0.0003
2037,TCD,0.0010
2037,TGO,0.0016
2037,THA,0.0004
2037,TJK,0.0020
2037,TKM,0.0013
2037,TLS,0.0142
2037,TON,0.0110
2037,TTO,0.0271
2037,TUN,0.0161
2037,TUR,0.0273
2037,TUV,0.0073
2037,TZA,0.0027
2037,UGA,0.0024
2037,UKR,0.0000
2037,URY,0.0297
2037,USA,0.0000
2037,UZB,0.0032
2037,VCT,0.0188
2037,VNM,0.0006
2037,VUT,0.0138
2037,WSM,0.0099
2037,YEM,0.0011
2037,ZAF,0.0000
2037,ZMB,0.0050
2037,ZWE,0.0006
2038,AFG,0.0024
2038,AGO,0.0038
2038,ALB,0.0239
2038,ARE,0.0237
2038,ARG,0.0000
2038,ARM,0.0275
2038,ATG,0.0305
2038,AUS,0.0000
2038,AUT,0.0000
2038,AZE,0.0043
2038,BDI,0.0007
2038,BEL,0.0000
2038,BEN,0.0032
2038,BFA,0.0034
2038,BGD,0.0300
2038,BGR,0.0000
2038,BHR,0.0258
2038,BHS,0.0157
2038,BIH,0.0260
2038,BLR,0.0122
2038,BLZ,0.0102
2038,BOL,0.0079
2038,BRA,0.0025
2038,BRB,0.0253
2038,BRN,0.0269
2038,BTN,0.0156
2038,BWA,0.0222
2038,CAF,0.0005
2038,CAN,0.0000
2038,CHE,0.0000
2038,CHL,0.0000
2038,CHN,0.0000
2038,CIV,0.0065
2038,CMR,0.0016
2038,COD,0.0003
2038,COG,0.0013
2038,COL,0.0000
2038,COM,0.0026
2038,CPV,0.0113
2038,CRI,0.0299
2038,CUB,0.0000
2038,CYP,0.0000
2038,CZE,0.0000
2038,DEU,0.0000
2038,DJI,0.0036
2038,DMA,0.0351
2038,DNK,0.0000
2038,DOM,0.0204
2038,DZA,0.0023
2038,ECU,0.0089
2038,EGY,0.0090
2038,ERI,0.0001
2038,ESP,0.0000
2038,EST,0.0000
2038,ETH,0.0012
2038,FIN,0.0000
2038,FJI,0.0090
2038,FRA,0.0000
2038,FSM,0.0122
2038,GAB,0.0047
2038,GBR,0.0000
2038,GEO,0.0119
2038,GHA,0.0150
2038,GIN,0.0022
2038,GMB,0.0016
2038,GNB,0.0016
2038,GNQ,0.0013
2038,GRC,0.0000
2038,GRD,0.0157
2038,GTM,0.0253
2038,GUY,0.0106
2038,HND,0.0124
2038,HRV,0.0000
2038,HTI,0.0028
2038,HUN,0.0000
2038,IDN,0.0140
2038,IND,0.0103
2038,IRL,0.0000
2038,IRN,0.0034
2038,IRQ,0.0163
2038,ISL,0.0000
2038,ISR,0.0019
2038,ITA,0.0000
2038,JAM,0.0224
2038,JOR,0.0086
2038,JPN,0.0000
2038,KAZ,0.0000
2038,KEN,0.0053
2038,KGZ,0.0089
2038,KHM,0.0050
2038,KIR,0.0074
2038,KNA,0.0335
2038,KOR,0.0000
2038,KOS,0.0267
2038,KWT,0.0328
2038,LAO,0.0057
2038,LBN,0.0155
2038,LBR,0.0037
2038,LBY,0.0099
2038,LCA,0.0251
2038,LKA,0.0058
2038,LSO,0.0123
2038,LTU,0.0000
2038,LUX,0.0000
2038,LVA,0.0000
2038,MAR,0.0006
2038,MDA,0.0268
2038,MDG,0.0044
2038,MDV,0.0123
2038,MEX,0.0000
2038,MHL,0.0134
2038,MKD,0.0162
2038,MLI,0.0044
2038,MLT,0.0000
2038,MMR,0.0042
2038,MNE,0.0243
2038,MNG,0.0275
2038,MOZ,0.0044
2038,MRT,0.0024
2038,MUS,0.0293
2038,MWI,0.0016
2038,MYS,0.0288
2038,NAM,0.0156
2038,NER,0.0017
2038,NGA,0.0153
2038,NIC,0.0108
2038,NLD,0.0000
2038,NOR,0.0000
2038,NPL,0.0039
2038,NZL,0.0000
2038,OMN,0.0275
2038,PAK,0.0005
2038,PAN,0.0000
2038,PER,0.0265
2038,PHL,0.0164
2038,PLW,0.0178
2038,PNG,0.0076
2038,POL,0.0000
2038,PRT,0.0000
2038,PRY,0.0271
2038,QAT,0.0216
2038,ROU,0.0000
2038,RUS,0.0247
2038,RWA,0.0040
2038,SAU,0.0208
2038,SDN,0.0009
2038,SEN,0.0057
2038,SGP,0.0000
2038,SLB,0.0041
2038,SLE,0.0022
2038,SLV,0.0200
2038,SMR,0.0003
2038,SOM,0.0002
2038,SRB,0.0078
2038,SSD,0.0014
2038,STP,0.0031
2038,SUR,0.0214
2038,SVK,0.0000
2038,SVN,0.0000
2038,SWE,0.0000
2038,SWZ,0.0042
2038,SYC,0.0192
2038,SYR,0.0005
2038,TCD,0.0016
2038,TGO,0.0018
2038,THA,0.0003
2038,TJK,0.0021
2038,TKM,0.0010
2038,TLS,0.0147
2038,TON,0.0105
2038,TTO,0.0275
2038,TUN,0.0154
2038,TUR,0.0259
2038,TUV,0.0081
2038,TZA,0.0029
2038,UGA,0.0029
2038,UKR,0.0000
2038,URY,0.0272
2038,USA,0.0000
2038,UZB,0.0029
2038,VCT,0.0205
2038,VNM,0.0006
2038,VUT,0.0139
2038,WSM,0.0110
2038,YEM,0.0012
2038,ZAF,0.0000
2038,ZMB,0.0051
2038,ZWE,0.0005
2039,AFG,0.0027
2039,AGO,0.0044
2039,ALB,0.0212
2039,ARE,0.0244
2039,ARG,0.0000
2039,ARM,0.0255
2039,ATG,0.0320
2039,AUS,0.0000
2039,AUT,0.0000
2039,AZE,0.0059
2039,BDI,0.0005
2039,BEL,0.0000
2039,BEN,0.0034
2039,BFA,0.0041
2039,BGD,0.0288
2039,BGR,0.0000
2039,BHR,0.0279
2039,BHS,0.0181
2039,BIH,0.0222
2039,BLR,0.0112
2039,BLZ,0.0101
2039,BOL,0.0083
2039,BRA,0.0018
2039,BRB,0.0261
2039,BRN,0.0228
2039,BTN,0.0162
2039,BWA,0.0224
2039,CAF,0.0007
2039,CAN,0.0000
2039,CHE,0.0000
2039,CHL,0.0000
2039,CHN,0.0000
2039,CIV,0.0069
2039,CMR,0.0011
2039,COD,0.0007
2039,COG,0.0013
2039,COL,0.0000
2039,COM,0.0028
2039,CPV,0.0106
2039,CRI,0.0292
2039,CUB,0.0000
2039,CYP,0.0000
2039,CZE,0.0000
2039,DEU,0.0000
2039,DJI,0.0043
2039,DMA,0.0321
2039,DNK,0.0000
2039,DOM,0.0244
2039,DZA,0.0029
2039,ECU,0.0088
2039,EGY,0.0086
2039,ERI,0.0002
2039,ESP,0.0000
2039,EST,0.0000
2039,ETH,0.0013
2039,FIN,0.0000
2039,FJI,0.0077
2039,FRA,0.0000
2039,FSM,0.0117
2039,GAB,0.0050
2039,GBR,0.0000
2039,GEO,0.0108
2039,GHA,0.0151
2039,GIN,0.0021
2039,GMB,0.0014
2039,GNB,0.0017
2039,GNQ,0.0013
2039,GRC,0.0000
2039,GRD,0.0167
2039,GTM,0.0237
2039,GUY,0.0100
2039,HND,0.0122
2039,HRV,0.0000
2039,HTI,0.0029
2039,HUN,0.0000
2039,IDN,0.0129
2039,IND,0.0109
2039,IRL,0.0000
2039,IRN,0.0026
2039,IRQ,0.0170
2039,ISL,0.0000
2039,ISR,0.0022
2039,ITA,0.0000
2039,JAM,0.0234
2039,JOR,0.0079
2039,JPN,0.0000
2039,KAZ,0.0000
2039,KEN,0.0056
2039,KGZ,0.0091
2039,KHM,0.0047
2039,KIR,0.0078
2039,KNA,0.0326
2039,KOR,0.0000
2039,KOS,0.0276
2039,KWT,0.0303
2039,LAO,0.0052
2039,LBN,0.0168
2039,LBR,0.0030
2039,LBY,0.0104
2039,LCA,0.0231
2039,LKA,0.0065
2039,LSO,0.0124
2039,LTU,0.0000
2039,LUX,0.0000
2039,LVA,0.0000
2039,MAR,0.0007
2039,MDA,0.0234
2039,MDG,0.0040
2039,MDV,0.0125
2039,MEX,0.0000
2039,MHL,0.0142
2039,MKD,0.0122
2039,MLI,0.0041
2039,MLT,0.0000
2039,MMR,0.0042
2039,MNE,0.0182
2039,MNG,0.0272
2039,MOZ,0.0043
2039,MRT,0.0030
2039,MUS,0.0267
2039,MWI,0.0012
2039,MYS,0.0276
2039,NAM,0.0159
2039,NER,0.0020
2039,NGA,0.0123
2039,NIC,0.0116
2039,NLD,0.0000
2039,NOR,0.0000
2039,NPL,0.0041
2039,NZL,0.0000
2039,OMN,0.0276
2039,PAK,0.0005
2039,PAN,0.0000
2039,PER,0.0256
2039,PHL,0.0159
2039,PLW,0.0152
2039,PNG,0.0069
2039,POL,0.0000
2039,PRT,0.0000
2039,PRY,0.0250
2039,QAT,0.0211
2039,ROU,0.0000
2039,RUS,0.0256
2039,RWA,0.0040
2039,SAU,0.0199
2039,SDN,0.0009
2039,SEN,0.0065
2039,SGP,0.0000
2039,SLB,0.0045
2039,SLE,0.0021
2039,SLV,0.0189
2039,SMR,0.0002
2039,SOM,0.0003
2039,SRB,0.0059
2039,SSD,0.0011
2039,STP,0.0047
2039,SUR,0.0193
2039,SVK,0.0000
2039,SVN,0.0000
2039,SWE,0.0000
2039,SWZ,0.0041
2039,SYC,0.0182
2039,SYR,0.0005
2039,TCD,0.0016
2039,TGO,0.0015
2039,THA,0.0005
2039,TJK,0.0017
2039,TKM,0.0012
2039,TLS,0.0148
2039,TON,0.0106
2039,TTO,0.0276
2039,TUN,0.0147
2039,TUR,0.0237
2039,TUV,0.0079
2039,TZA,0.0031
2039,UGA,0.0019
2039,UKR,0.0000
2039,URY,0.0266
2039,USA,0.0000
2039,UZB,0.0033
2039,VCT,0.0207
2039,VNM,0.0005
2039,VUT,0.0131
2039,WSM,0.0112
2039,YEM,0.0011
2039,ZAF,0.0000
2039,ZMB,0.0054
2039,ZWE,0.0007
2040,AFG,0.0034
2040,AGO,0.0052
2040,ALB,0.0200
2040,ARE,0.0254
2040,ARG,0.0000
2040,ARM,0.0245
2040,ATG,0.0310
2040,AUS,0.0000
2040,AUT,0.0000
2040,AZE,0.0048
2040,BDI,0.0007
2040,BEL,0.0000
2040,BEN,0.0038
2040,BFA,0.0039
2040,BGD,0.0248
2040,BGR,0.0000
2040,BHR,0.0284
2040,BHS,0.0181
2040,BIH,0.0220
2040,BLR,0.0117
2040,BLZ,0.0106
2040,BOL,0.0076
2040,BRA,0.0021
2040,BRB,0.0271
2040,BRN,0.0201
2040,BTN,0.0162
2040,BWA,0.0242
2040,CAF,0.0005
2040,CAN,0.0000
2040,CHE,0.0000
2040,CHL,0.0000
2040,CHN,0.0000
2040,CIV,0.0075
2040,CMR,0.0015
2040,COD,0.0004
2040,COG,0.0011
2040,COL,0.0000
2040,COM,0.0039
2040,CPV,0.0109
2040,CRI,0.0275
2040,CUB,0.0000
2040,CYP,0.0000
2040,CZE,0.0000
2040,DEU,0.0000
2040,DJI,0.0033
2040,DMA,0.0350
2040,DNK,0.0000
2040,DOM,0.0214
2040,DZA,0.0024
2040,ECU,0.0093
2040,EGY,0.0090
2040,ERI,0.0002
2040,ESP,0.0000
2040,EST,0.0000
2040,ETH,0.0012
2040,FIN,0.0000
2040,FJI,0.0080
2040,FRA,0.0000
2040,FSM,0.0114
2040,GAB,0.0057
2040,GBR,0.0000
2040,GEO,0.0076
2040,GHA,0.0138
2040,GIN,0.0021
2040,GMB,0.0014
2040,GNB,0.0019
2040,GNQ,0.0010
2040,GRC,0.0000
2040,GRD,0.0152
2040,GTM,0.0258
2040,GUY,0.0106
2040,HND,0.0120
2040,HRV,0.0000
2040,HTI,0.0032
2040,HUN,0.0000
2040,IDN,0.0135
2040,IND,0.0107
2040,IRL,0.0000
2040,IRN,0.0031
2040,IRQ,0.0179
2040,ISL,0.0000
2040,ISR,0.0018
2040,ITA,0.0000
2040,JAM,0.0233
2040,JOR,0.0088
2040,JPN,0.0000
2040,KAZ,0.0000
2040,KEN,0.0060
2040,KGZ,0.0101
2040,KHM,0.0052
2040,KIR,0.0083
2040,KNA,0.0349
2040,KOR,0.0000
2040,KOS,0.0239
2040,KWT,0.0293
2040,LAO,0.0052
2040,LBN,0.0168
2040,LBR,0.0033
2040,LBY,0.0104
2040,LCA,0.0255
2040,LKA,0.0055
2040,LSO,0.0138
2040,LTU,0.0000
2040,LUX,0.0000
2040,LVA,0.0000
2040,MAR,0.0009
2040,MDA,0.0215
2040,MDG,0.0044
2040,MDV,0.0115
2040,MEX,0.0000
2040,MHL,0.0143
2040,MKD,0.0105
2040,MLI,0.0053
2040,MLT,0.0000
2040,MMR,0.0040
2040,MNE,0.0179
2040,MNG,0.0247
2040,MOZ,0.0050
2040,MRT,0.0025
2040,MUS,0.0247
2040,MWI,0.0017
2040,MYS,0.0254
2040,NAM,0.0172
2040,NER,0.0023
2040,NGA,0.0101
2040,NIC,0.0114
2040,NLD,0.0000
2040,NOR,0.0000
2040,NPL,0.0044
2040,NZL,0.0000
2040,OMN,0.0280
2040,PAK,0.0004
2040,PAN,0.0000
2040,PER,0.0256
2040,PHL,0.0160
2040,PLW,0.0134
2040,PNG,0.0080
2040,POL,0.0000
2040,PRT,0.0000
2040,PRY,0.0251
2040,QAT,0.0193
2040,ROU,0.0000
2040,RUS,0.0220
2040,RWA,0.0041
2040,SAU,0.0197
2040,SDN,0.0015
2040,SEN,0.0064
2040,SGP,0.0000
2040,SLB,0.0050
2040,SLE,0.0025
2040,SLV,0.0211
2040,SMR,0.0000
2040,SOM,0.0003
2040,SRB,0.0041
2040,SSD,0.0013
2040,STP,0.0033
2040,SUR,0.0222
2040,SVK,0.0000
2040,SVN,0.0000
2040,SWE,0.0000
2040,SWZ,0.0039
2040,SYC,0.0209
2040,SYR,0.0004
2040,TCD,0.0014
2040,TGO,0.0017
2040,THA,0.0003
2040,TJK,0.0021
2040,TKM,0.0016
2040,TLS,0.0159
2040,TON,0.0113
2040,TTO,0.0281
2040,TUN,0.0136
2040,TUR,0.0240
2040,TUV,0.0081
2040,TZA,0.0030
2040,UGA,0.0028
2040,UKR,0.0000
2040,URY,0.0261
2040,USA,0.0000
2040,UZB,0.0031
2040,VCT,0.0208
2040,VNM,0.0005
2040,VUT,0.0136
2040,WSM,0.0113
2040,YEM,0.0014
2040,ZAF,0.0000
2040,ZMB,0.0048
2040,ZWE,0.0006
2041,AFG,0.0029
2041,AGO,0.0045
2041,ALB,0.0163
2041,ARE,0.0257
2041,ARG,0.0000
2041,ARM,0.0245
2041,ATG,0.0321
2041,AUS,0.0000
2041,AUT,0.0000
2041,AZE,0.0051
2041,BDI,0.0006
2041,BEL,0.0000
2041,BEN,0.0033
2041,BFA,0.0040
2041,BGD,0.0248
2041,BGR,0.0000
2041,BHR,0.0261
2041,BHS,0.0173
2041,BIH,0.0210
2041,BLR,0.0122
2041,BLZ,0.0107
2041,BOL,0.0075
2041,BRA,0.0022
2041,BRB,0.0269
2041,BRN,0.0181
2041,BTN,0.0170
2041,BWA,0.0221
2041,CAF,0.0005
2041,CAN,0.0000
2041,CHE,0.0000
2041,CHL,0.0000
2041,CHN,0.0000
2041,CIV,0.0071
2041,CMR,0.0017
2041,COD,0.0003
2041,COG,0.0014
2041,COL,0.0000
2041,COM,0.0036
2041,CPV,0.0117
2041,CRI,0.0265
2041,CUB,0.0000
2041,CYP,0.0000
2041,CZE,0.0000
2041,DEU,0.0000
2041,DJI,0.0039
2041,DMA,0.0320
2041,DNK,0.0000
2041,DOM,0.0210
2041,DZA,0.0020
2041,ECU,0.0089
2041,EGY,0.0087
2041,ERI,0.0002
2041,ESP,0.0000
2041,EST,0.0000
2041,ETH,0.0015
2041,FIN,0.0000
2041,FJI,0.0091
2041,FRA,0.0000
2041,FSM,0.0124
2041,GAB,0.0047
2041,GBR,0.0000
2041,GEO,0.0071
2041,GHA,0.0159
2041,GIN,0.0025
2041,GMB,0.0017
2041,GNB,0.0016
2041,GNQ,0.0010
2041,GRC,0.0000
2041,GRD,0.0163
2041,GTM,0.0247
2041,GUY,0.0115
2041,HND,0.0130
2041,HRV,0.0000
2041,HTI,0.0034
2041,HUN,0.0000
2041,IDN,0.0135
2041,IND,0.0115
2041,IRL,0.0000
2041,IRN,0.0025
2041,IRQ,0.0177
2041,ISL,0.0000
2041,ISR,0.0017
2041,ITA,0.0000
2041,JAM,0.0245
2041,JOR,0.0083
2041,JPN,0.0000
2041,KAZ,0.0000
2041,KEN,0.0061
2041,KGZ,0.0086
2041,KHM,0.0048
2041,KIR,0.0087
2041,KNA,0.0326
2041,KOR,0.0000
2041,KOS,0.0252
2041,KWT,0.0273
2041,LAO,0.0054
2041,LBN,0.0153
2041,LBR,0.0035
2041,LBY,0.0094
2041,LCA,0.0261
2041,LKA,0.0059
2041,LSO,0.0133
2041,LTU,0.0000
2041,LUX,0.0000
2041,LVA,0.0000
2041,MAR,0.0006
2041,MDA,0.0216
2041,MDG,0.0037
2041,MDV,0.0121
2041,MEX,0.0000
2041,MHL,0.0136
2041,MKD,0.0082
2041,MLI,0.0050
2041,MLT,0.0000
2041,MMR,0.0046
2041,MNE,0.0162
2041,MNG,0.0226
2041,MOZ,0.0052
2041,MRT,0.0026
2041,MUS,0.0210
2041,MWI,0.0019
2041,MYS,0.0249
2041,NAM,0.0178
2041,NER,0.0020
2041,NGA,0.0089
2041,NIC,0.0132
2041,NLD,0.0000
2041,NOR,0.0000
2041,NPL,0.0046
2041,NZL,0.0000
2041,OMN,0.0272
2041,PAK,0.0002
2041,PAN,0.0000
2041,PER,0.0241
2041,PHL,0.0160
2041,PLW,0.0102
2041,PNG,0.0077
2041,POL,0.0000
2041,PRT,0.0000
2041,PRY,0.0227
2041,QAT,0.0202
2041,ROU,0.0000
2041,RUS,0.0213
2041,RWA,0.0043
2041,SAU,0.0193
2041,SDN,0.0009
2041,SEN,0.0063
2041,SGP,0.0000
2041,SLB,0.0052
2041,SLE,0.0029
2041,SLV,0.0198
2041,SMR,0.0001
2041,SOM,0.0003
2041,SRB,0.0036
2041,SSD,0.0017
2041,STP,0.0031
2041,SUR,0.0209
2041,SVK,0.0000
2041,SVN,0.0000
2041,SWE,0.0000
2041,SWZ,0.0039
2041,SYC,0.0198
2041,SYR,0.0005
2041,TCD,0.0009
2041,TGO,0.0022
2041,THA,0.0005
2041,TJK,0.0024
2041,TKM,0.0011
2041,TLS,0.0145
2041,TON,0.0113
2041,TTO,0.0272
2041,TUN,0.0159
2041,TUR,0.0217
2041,TUV,0.0088
2041,TZA,0.0026
2041,UGA,0.0027
2041,UKR,0.0000
2041,URY,0.0238
2041,USA,0.0000
2041,UZB,0.0029
2041,VCT,0.0215
2041,VNM,0.0005
2041,VUT,0.0143
2041,WSM,0.0123
2041,YEM,0.0012
2041,ZAF,0.0000
2041,ZMB,0.0050
2041,ZWE,0.0006
2042,AFG,0.0025
2042,AGO,0.0048
2042,ALB,0.0139
2042,ARE,0.0233
2042,ARG,0.0000
2042,ARM,0.0237
2042,ATG,0.0317
2042,AUS,0.0000
2042,AUT,0.0000
2042,AZE,0.0054
2042,BDI,0.0010
2042,BEL,0.0000
2042,BEN,0.0033
2042,BFA,0.0042
2042,BGD,0.0231
2042,BGR,0.0000
2042,BHR,0.0261
2042,BHS,0.0171
2042,BIH,0.0206
2042,BLR,0.0129
2042,BLZ,0.0117
2042,BOL,0.0075
2042,BRA,0.0016
2042,BRB,0.0258
2042,BRN,0.0156
2042,BTN,0.0155
2042,BWA,0.0214
2042,CAF,0.0007
2042,CAN,0.0000
2042,CHE,0.0000
2042,CHL,0.0000
2042,CHN,0.0000
2042,CIV,0.0075
2042,CMR,0.0013
2042,COD,0.0004
2042,COG,0.0017
2042,COL,0.0000
2042,COM,0.0037
2042,CPV,0.0114
2042,CRI,0.0239
2042,CUB,0.0000
2042,CYP,0.0000
2042,CZE,0.0000
2042,DEU,0.0000
2042,DJI,0.0038
2042,DMA,0.0339
2042,DNK,0.0000
2042,DOM,0.0221
2042,DZA,0.0025
2042,ECU,0.0074
2042,EGY,0.0096
2042,ERI,0.0001
2042,ESP,0.0000
2042,EST,0.0000
2042,ETH,0.0019
2042,FIN,0.0000
2042,FJI,0.0096
2042,FRA,0.0000
2042,FSM,0.0132
2042,GAB,0.0047
2042,GBR,0.0000
2042,GEO,0.0056
2042,GHA,0.0141
2042,GIN,0.0022
2042,GMB,0.0013
2042,GNB,0.0022
2042,GNQ,0.0011
2042,GRC,0.0000
2042,GRD,0.0183
2042,GTM,0.0252
2042,GUY,0.0114
2042,HND,0.0132
2042,HRV,0.0000
2042,HTI,0.0028
2042,HUN,0.0000
2042,IDN,0.0140
2042,IND,0.0117
2042,IRL,0.0000
2042,IRN,0.0031
2042,IRQ,0.0182
2042,ISL,0.0000
2042,ISR,0.0023
2042,ITA,0.0000
2042,JAM,0.0228
2042,JOR,0.0096
2042,JPN,0.0000
2042,KAZ,0.0000
2042,KEN,0.0065
2042,KGZ,0.0094
2042,KHM,0.0051
2042,KIR,0.0078
2042,KNA,0.0321
2042,KOR,0.0000
2042,KOS,0.0250
2042,KWT,0.0264
2042,LAO,0.0053
2042,LBN,0.0168
2042,LBR,0.0040
2042,LBY,0.0099
2042,LCA,0.0261
2042,LKA,0.0057
2042,LSO,0.0126
2042,LTU,0.0000
2042,LUX,0.0000
2042,LVA,0.0000
2042,MAR,0.0008
2042,MDA,0.0205
2042,MDG,0.0038
2042,MDV,0.0118
2042,MEX,0.0000
2042,MHL,0.0143
2042,MKD,0.0074
2042,MLI,0.0049
2042,MLT,0.0000
2042,MMR,0.0053
2042,MNE,0.0138
2042,MNG,0.0229
2042,MOZ,0.0056
2042,MRT,0.0023
2042,MUS,0.0205
2042,MWI,0.0012
2042,MYS,0.0243
2042,NAM,0.0160
2042,NER,0.0017
2042,NGA,0.0067
2042,NIC,0.0123
2042,NLD,0.0000
2042,NOR,0.0000
2042,NPL,0.0049
2042,NZL,0.0000
2042,OMN,0.0284
2042,PAK,0.0004
2042,PAN,0.0000
2042,PER,0.0239
2042,PHL,0.0156
2042,PLW,0.0080
2042,PNG,0.0082
2042,POL,0.0000
2042,PRT,0.0000
2042,PRY,0.0238
2042,QAT,0.0222
2042,ROU,0.0000
2042,RUS,0.0207
2042,RWA,0.0051
2042,SAU,0.0186
2042,SDN,0.0010
2042,SEN,0.0061
2042,SGP,0.0000
2042,SLB,0.0047
2042,SLE,0.0032
2042,SLV,0.0212
2042,SMR,0.0000
2042,SOM,0.0004
2042,SRB,0.0029
2042,SSD,0.0011
2042,STP,0.0034
2042,SUR,0.0212
2042,SVK,0.0000
2042,SVN,0.0000
2042,SWE,0.0000
2042,SWZ,0.0045
2042,SYC,0.0200
2042,SYR,0.0006
2042,TCD,0.0013
2042,TGO,0.0023
2042,THA,0.0004
2042,TJK,0.0018
2042,TKM,0.0015
2042,TLS,0.0163
2042,TON,0.0105
2042,TTO,0.0259
2042,TUN,0.0153
2042,TUR,0.0211
2042,TUV,0.0103
2042,TZA,0.0029
2042,UGA,0.0027
2042,UKR,0.0000
2042,URY,0.0207
2042,USA,0.0000
2042,UZB,0.0039
2042,VCT,0.0223
2042,VNM,0.0004
2042,VUT,0.0139
2042,WSM,0.0113
2042,YEM,0.0014
2042,ZAF,0.0000
2042,ZMB,0.0056
2042,ZWE,0.0006
2043,AFG,0.0029
2043,AGO,0.0038
2043,ALB,0.0127
2043,ARE,0.0242
2043,ARG,0.0000
2043,ARM,0.0237
2043,ATG,0.0294
2043,AUS,0.0000
2043,AUT,0.0000
2043,AZE,0.0053
2043,BDI,0.0007
2043,BEL,0.0000
2043,BEN,0.0038
2043,BFA,0.0038
2043,BGD,0.0218
2043,BGR,0.0000
2043,BHR,0.0257
2043,BHS,0.0165
2043,BIH,0.0215
2043,BLR,0.0118
2043,BLZ,0.0101
2043,BOL,0.0093
2043,BRA,0.0021
2043,BRB,0.0272
2043,BRN,0.0138
2043,BTN,0.0159
2043,BWA,0.0221
2043,CAF,0.0006
2043,CAN,0.0000
2043,CHE,0.0000
2043,CHL,0.0000
2043,CHN,0.0000
2043,CIV,0.0078
2043,CMR,0.0017
2043,COD,0.0004
2043,COG,0.0016
2043,COL,0.0000
2043,COM,0.0037
2043,CPV,0.0116
2043,CRI,0.0239
2043,CUB,0.0000
2043,CYP,0.0000
2043,CZE,0.0000
2043,DEU,0.0000
2043,DJI,0.0033
2043,DMA,0.0317
2043,DNK,0.0000
2043,DOM,0.0214
2043,DZA,0.0027
2043,ECU,0.0090
2043,EGY,0.0093
2043,ERI,0.0001
2043,ESP,0.0000
2043,EST,0.0000
2043,ETH,0.0011
2043,FIN,0.0000
2043,FJI,0.0095
2043,FRA,0.0000
2043,FSM,0.0132
2043,GAB,0.0067
2043,GBR,0.0000
2043,GEO,0.0046
2043,GHA,0.0153
2043,GIN,0.0021
2043,GMB,0.0018
2043,GNB,0.0017
2043,GNQ,0.0016
2043,GRC,0.0000
2043,GRD,0.0186
2043,GTM,0.0234
2043,GUY,0.0112
2043,HND,0.0137
2043,HRV,0.0000
2043,HTI,0.0021
2043,HUN,0.0000
2043,IDN,0.0136
2043,IND,0.0113
2043,IRL,0.0000
2043,IRN,0.0027
2043,IRQ,0.0183
2043,ISL,0.0000
2043,ISR,0.0023
2043,ITA,0.0000
2043,JAM,0.0224
2043,JOR,0.0090
2043,JPN,0.0000
2043,KAZ,0.0000
2043,KEN,0.0064
2043,KGZ,0.0113
2043,KHM,0.0050
2043,KIR,0.0101
2043,KNA,0.0311
2043,KOR,0.0000
2043,KOS,0.0227
2043,KWT,0.0266
2043,LAO,0.0060
2043,LBN,0.0171
2043,LBR,0.0030
2043,LBY,0.0107
2043,LCA,0.0262
2043,LKA,0.0066
2043,LSO,0.0130
2043,LTU,0.0000
2043,LUX,0.0000
2043,LVA,0.0000
2043,MAR,0.0008
2043,MDA,0.0196
2043,MDG,0.0043
2043,MDV,0.0116
2043,MEX,0.0000
2043,MHL,0.0145
2043,MKD,0.0058
2043,MLI,0.0048
2043,MLT,0.0000
2043,MMR,0.0046
2043,MNE,0.0126
2043,MNG,0.0196
2043,MOZ,0.0050
2043,MRT,0.0036
2043,MUS,0.0185
2043,MWI,0.0017
2043,MYS,0.0201
2043,NAM,0.0167
2043,NER,0.0020
2043,NGA,0.0056
2043,NIC,0.0113
2043,NLD,0.0000
2043,NOR,0.0000
2043,NPL,0.0053
2043,NZL,0.0000
2043,OMN,0.0258
2043,PAK,0.0005
2043,PAN,0.0000
2043,PER,0.0207
2043,PHL,0.0154
2043,PLW,0.0075
2043,PNG,0.0079
2043,POL,0.0000
2043,PRT,0.0000
2043,PRY,0.0216
2043,QAT,0.0204
2043,ROU,0.0000
2043,RUS,0.0213
2043,RWA,0.0046
2043,SAU,0.0204
2043,SDN,0.0013
2043,SEN,0.0064
2043,SGP,0.0000
2043,SLB,0.0049
2043,SLE,0.0030
2043,SLV,0.0203
2043,SMR,0.0001
2043,SOM,0.0004
2043,SRB,0.0023
2043,SSD,0.0008
2043,STP,0.0038
2043,SUR,0.0204
2043,SVK,0.0000
2043,SVN,0.0000
2043,SWE,0.0000
2043,SWZ,0.0034
2043,SYC,0.0206
2043,SYR,0.0005
2043,TCD,0.0018
2043,TGO,0.0021
2043,THA,0.0007
2043,TJK,0.0019
2043,TKM,0.0013
2043,TLS,0.0138
2043,TON,0.0104
2043,TTO,0.0269
2043,TUN,0.0153
2043,TUR,0.0203
2043,TUV,0.0090
2043,TZA,0.0030
2043,UGA,0.0029
2043,UKR,0.0000
2043,URY,0.0211
2043,USA,0.0000
2043,UZB,0.0029
2043,VCT,0.0227
2043,VNM,0.0007
2043,VUT,0.0129
2043,WSM,0.0115
2043,YEM,0.0013
2043,ZAF,0.0000
2043,ZMB,0.0050
2043,ZWE,0.0007
2044,AFG,0.0023
2044,AGO,0.0057
2044,ALB,0.0116
2044,ARE,0.0235
2044,ARG,0.0000
2044,ARM,0.0203
2044,ATG,0.0303
2044,AUS,0.0000
2044,AUT,0.0000
2044,AZE,0.0049
2044,BDI,0.0007
2044,BEL,0.0000
2044,BEN,0.0033
2044,BFA,0.0040
2044,BGD,0.0207
2044,BGR,0.0000
2044,BHR,0.0244
2044,BHS,0.0163
2044,BIH,0.0189
2044,BLR,0.0114
2044,BLZ,0.0110
2044,BOL,0.0086
2044,BRA,0.0029
2044,BRB,0.0262
2044,BRN,0.0112
2044,BTN,0.0157
2044,BWA,0.0213
2044,CAF,0.0009
2044,CAN,0.0000
2044,CHE,0.0000
2044,CHL,0.0000
2044,CHN,0.0000
2044,CIV,0.0080
2044,CMR,0.0018
2044,COD,0.0004
2044,COG,0.0015
2044,COL,0.0000
2044,COM,0.0032
2044,CPV,0.0115
2044,CRI,0.0229
2044,CUB,0.0000
2044,CYP,0.0000
2044,CZE,0.0000
2044,DEU,0.0000
2044,DJI,0.0041
2044,DMA,0.0307
2044,DNK,0.0000
2044,DOM,0.0211
2044,DZA,0.0023
2044,ECU,0.0083
2044,EGY,0.0096
2044,ERI,0.0001
2044,ESP,0.0000
2044,EST,0.0000
2044,ETH,0.0014
2044,FIN,0.0000
2044,FJI,0.0089
2044,FRA,0.0000
2044,FSM,0.0123
2044,GAB,0.0057
2044,GBR,0.0000
2044,GEO,0.0038
2044,GHA,0.0145
2044,GIN,0.0022
2044,GMB,0.0016
2044,GNB,0.0016
2044,GNQ,0.0018
2044,GRC,0.0000
2044,GRD,0.0206
2044,GTM,0.0225
2044,GUY,0.0114
2044,HND,0.0131
2044,HRV,0.0000
2044,HTI,0.0031
2044,HUN,0.0000
2044,IDN,0.0148
2044,IND,0.0121
2044,IRL,0.0000
2044,IRN,0.0034
2044,IRQ,0.0165
2044,ISL,0.0000
2044,ISR,0.0025
2044,ITA,0.0000
2044,JAM,0.0221
2044,JOR,0.0101
2044,JPN,0.0000
2044,KAZ,0.0000
2044,KEN,0.0067
2044,KGZ,0.0090
2044,KHM,0.0047
2044,KIR,0.0091
2044,KNA,0.0310
2044,KOR,0.0000
2044,KOS,0.0213
2044,KWT,0.0237
2044,LAO,0.0070
2044,LBN,0.0158
2044,LBR,0.0036
2044,LBY,0.0103
2044,LCA,0.0278
2044,LKA,0.0071
2044,LSO,0.0133
2044,LTU,0.0000
2044,LUX,0.0000
2044,LVA,0.0000
2044,MAR,0.0008
2044,MDA,0.0182
2044,MDG,0.0041
2044,MDV,0.0120
2044,MEX,0.0000
2044,MHL,0.0138
2044,MKD,0.0052
2044,MLI,0.0049
2044,MLT,0.0000
2044,MMR,0.0041
2044,MNE,0.0111
2044,MNG,0.0202
2044,MOZ,0.0056
2044,MRT,0.0032
2044,MUS,0.0177
2044,MWI,0.0018
2044,MYS,0.0198
2044,NAM,0.0168
2044,NER,0.0022
2044,NGA,0.0048
2044,NIC,0.0114
2044,NLD,0.0000
2044,NOR,0.0000
2044,NPL,0.0059
2044,NZL,0.0000
2044,OMN,0.0253
2044,PAK,0.0007
2044,PAN,0.0000
2044,PER,0.0229
2044,PHL,0.0177
2044,PLW,0.0055
2044,PNG,0.0083
2044,POL,0.0000
2044,PRT,0.0000
2044,PRY,0.0212
2044,QAT,0.0227
2044,ROU,0.0000
2044,RUS,0.0180
2044,RWA,0.0040
2044,SAU,0.0197
2044,SDN,0.0009
2044,SEN,0.0060
2044,SGP,0.0000
2044,SLB,0.0058
2044,SLE,0.0026
2044,SLV,0.0210
2044,SMR,0.0000
2044,SOM,0.0003
2044,SRB,0.0017
2044,SSD,0.0015
2044,STP,0.0044
2044,SUR,0.0211
2044,SVK,0.0000
2044,SVN,0.0000
2044,SWE,0.0000
2044,SWZ,0.0042
2044,SYC,0.0179
2044,SYR,0.0007
2044,TCD,0.0013
2044,TGO,0.0018
2044,THA,0.0007
2044,TJK,0.0020
2044,TKM,0.0015
2044,TLS,0.0146
2044,TON,0.0115
2044,TTO,0.0257
2044,TUN,0.0124
2044,TUR,0.0197
2044,TUV,0.0091
2044,TZA,0.0030
2044,UGA,0.0027
2044,UKR,0.0000
2044,URY,0.0192
2044,USA,0.0000
2044,UZB,0.0029
2044,VCT,0.0237
2044,VNM,0.0005
2044,VUT,0.0128
2044,WSM,0.0120
2044,YEM,0.0013
2044,ZAF,0.0000
2044,ZMB,0.0061
2044,ZWE,0.0007
2045,AFG,0.0027
2045,AGO,0.0049
2045,ALB,0.0104
2045,ARE,0.0237
2045,ARG,0.0000
2045,ARM,0.0214
2045,ATG,0.0287
2045,AUS,0.0000
2045,AUT,0.0000
2045,AZE,0.0057
2045,BDI,0.0008
2045,BEL,0.0000
2045,BEN,0.0039
2045,BFA,0.0047
2045,BGD,0.0173
2045,BGR,0.0000
2045,BHR,0.0259
2045,BHS,0.0164
2045,BIH,0.0189
2045,BLR,0.0119
2045,BLZ,0.0112
2045,BOL,0.0089
2045,BRA,0.0024
2045,BRB,0.0255
2045,BRN,0.0107
2045,BTN,0.0162
2045,BWA,0.0208
2045,CAF,0.0008
2045,CAN,0.0000
2045,CHE,0.0000
2045,CHL,0.0000
2045,CHN,0.0000
2045,CIV,0.0070
2045,CMR,0.0018
2045,COD,0.0004
2045,COG,0.0013
2045,COL,0.0000
2045,COM,0.0041
2045,CPV,0.0121
2045,CRI,0.0215
2045,CUB,0.0000
2045,CYP,0.0000
2045,CZE,0.0000
2045,DEU,0.0000
2045,DJI,0.0042
2045,DMA,0.0303
2045,DNK,0.0000
2045,DOM,0.0204
2045,DZA,0.0023
2045,ECU,0.0090
2045,EGY,0.0091
2045,ERI,0.0001
2045,ESP,0.0000
2045,EST,0.0000
2045,ETH,0.0016
2045,FIN,0.0000
2045,FJI,0.0096
2045,FRA,0.0000
2045,FSM,0.0123
2045,GAB,0.0068
2045,GBR,0.0000
2045,GEO,0.0023
2045,GHA,0.0147
2045,GIN,0.0024
2045,GMB,0.0015
2045,GNB,0.0022
2045,GNQ,0.0015
2045,GRC,0.0000
2045,GRD,0.0193
2045,GTM,0.0230
2045,GUY,0.0128
2045,HND,0.0144
2045,HRV,0.0000
2045,HTI,0.0028
2045,HUN,0.0000
2045,IDN,0.0141
2045,IND,0.0116
2045,IRL,0.0000
2045,IRN,0.0031
2045,IRQ,0.0169
2045,ISL,0.0000
2045,ISR,0.0025
2045,ITA,0.0000
2045,JAM,0.0211
2045,JOR,0.0099
2045,JPN,0.0000
2045,KAZ,0.0000
2045,KEN,0.0064
2045,KGZ,0.0102
2045,KHM,0.0049
2045,KIR,0.0089
2045,KNA,0.0294
2045,KOR,0.0000
2045,KOS,0.0209
2045,KWT,0.0223
2045,LAO,0.0066
2045,LBN,0.0152
2045,LBR,0.0036
2045,LBY,0.0098
2045,LCA,0.0282
2045,LKA,0.0057
2045,LSO,0.0131
2045,LTU,0.0000
2045,LUX,0.0000
2045,LVA,0.0000
2045,MAR,0.0012
2045,MDA,0.0173
2045,MDG,0.0041
2045,MDV,0.0124
2045,MEX,0.0000
2045,MHL,0.0138
2045,MKD,0.0037
2045,MLI,0.0049
2045,MLT,0.0000
2045,MMR,0.0046
2045,MNE,0.0098
2045,MNG,0.0195
2045,MOZ,0.0055
2045,MRT,0.0037
2045,MUS,0.0157
2045,MWI,0.0020
2045,MYS,0.0183
2045,NAM,0.0169
2045,NER,0.0024
2045,NGA,0.0033
2045,NIC,0.0124
2045,NLD,0.0000
2045,NOR,0.0000
2045,NPL,0.0052
2045,NZL,0.0000
2045,OMN,0.0253
2045,PAK,0.0007
2045,PAN,0.0000
2045,PER,0.0201
2045,PHL,0.0148
2045,PLW,0.0048
2045,PNG,0.0081
2045,POL,0.0000
2045,PRT,0.0000
2045,PRY,0.0221
2045,QAT,0.0215
2045,ROU,0.0000
2045,RUS,0.0171
2045,RWA,0.0043
2045,SAU,0.0192
2045,SDN,0.0010
2045,SEN,0.0060
2045,SGP,0.0000
2045,SLB,0.0061
2045,SLE,0.0032
2045,SLV,0.0212
2045,SMR,0.0000
2045,SOM,0.0004
2045,SRB,0.0011
2045,SSD,0.0014
2045,STP,0.0045
2045,SUR,0.0204
2045,SVK,0.0000
2045,SVN,0.0000
2045,SWE,0.0000
2045,SWZ,0.0037
2045,SYC,0.0195
2045,SYR,0.0005
2045,TCD,0.0019
2045,TGO,0.0018
2045,THA,0.0004
2045,TJK,0.0023
2045,TKM,0.0017
2045,TLS,0.0147
2045,TON,0.0120
2045,TTO,0.0260
2045,TUN,0.0142
2045,TUR,0.0191
2045,TUV,0.0092
2045,TZA,0.0029
2045,UGA,0.0026
2045,UKR,0.0000
2045,URY,0.0180
2045,USA,0.0000
2045,UZB,0.0032
2045,VCT,0.0253
2045,VNM,0.0007
2045,VUT,0.0149
2045,WSM,0.0122
2045,YEM,0.0016
2045,ZAF,0.0000
2045,ZMB,0.0054
2045,ZWE,0.0006
2046,AFG,0.0024
2046,AGO,0.0050
2046,ALB,0.0091
2046,ARE,0.0230
2046,ARG,0.0000
2046,ARM,0.0197
2046,ATG,0.0279
2046,AUS,0.0000
2046,AUT,0.0000
2046,AZE,0.0055
2046,BDI,0.0012
2046,BEL,0.0000
2046,BEN,0.0036
2046,BFA,0.0043
2046,BGD,0.0177
2046,BGR,0.0000
2046,BHR,0.0253
2046,BHS,0.0177
2046,BIH,0.0159
2046,BLR,0.0113
2046,BLZ,0.0119
2046,BOL,0.0087
2046,BRA,0.0018
2046,BRB,0.0261
2046,BRN,0.0083
2046,BTN,0.0169
2046,BWA,0.0206
2046,CAF,0.0007
2046,CAN,0.0000
2046,CHE,0.0000
2046,CHL,0.0000
2046,CHN,0.0000
2046,CIV,0.0076
2046,CMR,0.0013
2046,COD,0.0007
2046,COG,0.0015
2046,COL,0.0000
2046,COM,0.0038
2046,CPV,0.0124
2046,CRI,0.0190
2046,CUB,0.0000
2046,CYP,0.0000
2046,CZE,0.0000
2046,DEU,0.0000
2046,DJI,0.0044
2046,DMA,0.0274
2046,DNK,0.0000
2046,DOM,0.0205
2046,DZA,0.0023
2046,ECU,0.0089
2046,EGY,0.0092
2046,ERI,0.0001
2046,ESP,0.0000
2046,EST,0.0000
2046,ETH,0.0017
2046,FIN,0.0000
2046,FJI,0.0091
2046,FRA,0.0000
2046,FSM,0.0122
2046,GAB,0.0067
2046,GBR,0.0000
2046,GEO,0.0022
2046,GHA,0.0156
2046,GIN,0.0028
2046,GMB,0.0020
2046,GNB,0.0024
2046,GNQ,0.0016
2046,GRC,0.0000
2046,GRD,0.0211
2046,GTM,0.0212
2046,GUY,0.0122
2046,HND,0.0145
2046,HRV,0.0000
2046,HTI,0.0038
2046,HUN,0.0000
2046,IDN,0.0128
2046,IND,0.0121
2046,IRL,0.0000
2046,IRN,0.0028
2046,IRQ,0.0166
2046,ISL,0.0000
2046,ISR,0.0026
2046,ITA,0.0000
2046,JAM,0.0213
2046,JOR,0.0106
2046,JPN,0.0000
2046,KAZ,0.0000
2046,KEN,0.0065
2046,KGZ,0.0089
2046,KHM,0.0053
2046,KIR,0.0084
2046,KNA,0.0275
2046,KOR,0.0000
2046,KOS,0.0182
2046,KWT,0.0217
2046,LAO,0.0069
2046,LBN,0.0147
2046,LBR,0.0033
2046,LBY,0.0110
2046,LCA,0.0277
2046,LKA,0.0065
2046,LSO,0.0113
2046,LTU,0.0000
2046,LUX,0.0000
2046,LVA,0.0000
2046,MAR,0.0008
2046,MDA,0.0145
2046,MDG,0.0047
2046,MDV,0.0126
2046,MEX,0.0000
2046,MHL,0.0142
2046,MKD,0.0037
2046,MLI,0.0058
2046,MLT,0.0000
2046,MMR,0.0053
2046,MNE,0.0082
2046,MNG,0.0173
2046,MOZ,0.0049
2046,MRT,0.0034
2046,MUS,0.0136
2046,MWI,0.0018
2046,MYS,0.0173
2046,NAM,0.0161
2046,NER,0.0024
2046,NGA,0.0032
2046,NIC,0.0129
2046,NLD,0.0000
2046,NOR,0.0000
2046,NPL,0.0055
2046,NZL,0.0000
2046,OMN,0.0228
2046,PAK,0.0007
2046,PAN,0.0000
2046,PER,0.0210
2046,PHL,0.0158
2046,PLW,0.0044
2046,PNG,0.0078
2046,POL,0.0000
2046,PRT,0.0000
2046,PRY,0.0207
2046,QAT,0.0212
2046,ROU,0.0000
2046,RUS,0.0162
2046,RWA,0.0041
2046,SAU,0.0190
2046,SDN,0.0008
2046,SEN,0.0062
2046,SGP,0.0000
2046,SLB,0.0054
2046,SLE,0.0027
2046,SLV,0.0193
2046,SMR,0.0000
2046,SOM,0.0003
2046,SRB,0.0011
2046,SSD,0.0014
2046,STP,0.0042
2046,SUR,0.0207
2046,SVK,0.0000
2046,SVN,0.0000
2046,SWE,0.0000
2046,SWZ,0.0045
2046,SYC,0.0201
2046,SYR,0.0004
2046,TCD,0.0015
2046,TGO,0.0022
2046,THA,0.0003
2046,TJK,0.0028
2046,TKM,0.0009
2046,TLS,0.0142
2046,TON,0.0115
2046,TTO,0.0252
2046,TUN,0.0133
2046,TUR,0.0181
2046,TUV,0.0089
2046,TZA,0.0023
2046,UGA,0.0027
2046,UKR,0.0000
2046,URY,0.0174
2046,USA,0.0000
2046,UZB,0.0032
2046,VCT,0.0247
2046,VNM,0.0006
2046,VUT,0.0141
2046,WSM,0.0116
2046,YEM,0.0012
2046,ZAF,0.0000
2046,ZMB,0.0062
2046,ZWE,0.0008
2047,AFG,0.0030
2047,AGO,0.0051
2047,ALB,0.0079
2047,ARE,0.0241
2047,ARG,0.0000
2047,ARM,0.0195
2047,ATG,0.0271
2047,AUS,0.0000
2047,AUT,0.0000
2047,AZE,0.0057
2047,BDI,0.0008
2047,BEL,0.0000
2047,BEN,0.0044
2047,BFA,0.0042
2047,BGD,0.0146
2047,BGR,0.0000
2047,BHR,0.0262
2047,BHS,0.0166
2047,BIH,0.0164
2047,BLR,0.0124
2047,BLZ,0.0114
2047,BOL,0.0084
2047,BRA,0.0024
2047,BRB,0.0251
2047,BRN,0.0078
2047,BTN,0.0161
2047,BWA,0.0204
2047,CAF,0.0006
2047,CAN,0.0000
2047,CHE,0.0000
2047,CHL,0.0000
2047,CHN,0.0000
2047,CIV,0.0078
2047,CMR,0.0019
2047,COD,0.0003
2047,COG,0.0012
2047,COL,0.0000
2047,COM,0.0040
2047,CPV,0.0121
2047,CRI,0.0185
2047,CUB,0.0000
2047,CYP,0.0000
2047,CZE,0.0000
2047,DEU,0.0000
2047,DJI,0.0043
2047,DMA,0.0263
2047,DNK,0.0000
2047,DOM,0.0201
2047,DZA,0.0020
2047,ECU,0.0095
2047,EGY,0.0095
2047,ERI,0.0001
2047,ESP,0.0000
2047,EST,0.0000
2047,ETH,0.0016
2047,FIN,0.0000
2047,FJI,0.0097
2047,FRA,0.0000
2047,FSM,0.0121
2047,GAB,0.0058
2047,GBR,0.0000
2047,GEO,0.0018
2047,GHA,0.0160
2047,GIN,0.0026
2047,GMB,0.0014
2047,GNB,0.0023
2047,GNQ,0.0016
2047,GRC,0.0000
2047,GRD,0.0194
2047,GTM,0.0218
2047,GUY,0.0126
2047,HND,0.0141
2047,HRV,0.0000
2047,HTI,0.0034
2047,HUN,0.0000
2047,IDN,0.0137
2047,IND,0.0113
2047,IRL,0.0000
2047,IRN,0.0033
2047,IRQ,0.0173
2047,ISL,0.0000
2047,ISR,0.0021
2047,ITA,0.0000
2047,JAM,0.0206
2047,JOR,0.0099
2047,JPN,0.0000
2047,KAZ,0.0000
2047,KEN,0.0065
2047,KGZ,0.0093
2047,KHM,0.0041
2047,KIR,0.0102
2047,KNA,0.0264
2047,KOR,0.0000
2047,KOS,0.0196
2047,KWT,0.0183
2047,LAO,0.0053
2047,LBN,0.0156
2047,LBR,0.0042
2047,LBY,0.0103
2047,LCA,0.0276
2047,LKA,0.0062
2047,LSO,0.0133
2047,LTU,0.0000
2047,LUX,0.0000
2047,LVA,0.0000
2047,MAR,0.0008
2047,MDA,0.0148
2047,MDG,0.0053
2047,MDV,0.0121
2047,MEX,0.0000
2047,MHL,0.0137
2047,MKD,0.0028
2047,MLI,0.0058
2047,MLT,0.0000
2047,MMR,0.0044
2047,MNE,0.0073
2047,MNG,0.0174
2047,MOZ,0.0049
2047,MRT,0.0032
2047,MUS,0.0124
2047,MWI,0.0022
2047,MYS,0.0165
2047,NAM,0.0151
2047,NER,0.0020
2047,NGA,0.0024
2047,NIC,0.0125
2047,NLD,0.0000
2047,NOR,0.0000
2047,NPL,0.0055
2047,NZL,0.0000
2047,OMN,0.0236
2047,PAK,0.0004
2047,PAN,0.0000
2047,PER,0.0204
2047,PHL,0.0159
2047,PLW,0.0031
2047,PNG,0.0076
2047,POL,0.0000
2047,PRT,0.0000
2047,PRY,0.0204
2047,QAT,0.0213
2047,ROU,0.0000
2047,RUS,0.0169
2047,RWA,0.0050
2047,SAU,0.0204
2047,SDN,0.0013
2047,SEN,0.0062
2047,SGP,0.0000
2047,SLB,0.0062
2047,SLE,0.0036
2047,SLV,0.0212
2047,SMR,0.0000
2047,SOM,0.0002
2047,SRB,0.0006
2047,SSD,0.0012
2047,STP,0.0045
2047,SUR,0.0211
2047,SVK,0.0000
2047,SVN,0.0000
2047,SWE,0.0000
2047,SWZ,0.0043
2047,SYC,0.0187
2047,SYR,0.0006
2047,TCD,0.0016
2047,TGO,0.0027
2047,THA,0.0005
2047,TJK,0.0017
2047,TKM,0.0016
2047,TLS,0.0146
2047,TON,0.0115
2047,TTO,0.0262
2047,TUN,0.0137
2047,TUR,0.0169
2047,TUV,0.0099
2047,TZA,0.0037
2047,UGA,0.0032
2047,UKR,0.0000
2047,URY,0.0165
2047,USA,0.0000
2047,UZB,0.0033
2047,VCT,0.0252
2047,VNM,0.0008
2047,VUT,0.0150
2047,WSM,0.0118
2047,YEM,0.0016
2047,ZAF,0.0000
2047,ZMB,0.0061
2047,ZWE,0.0010
2048,AFG,0.0029
2048,AGO,0.0051
2048,ALB,0.0074
2048,ARE,0.0214
2048,ARG,0.0000
2048,ARM,0.0174
2048,ATG,0.0257
2048,AUS,0.0000
2048,AUT,0.0000
2048,AZE,0.0058
2048,BDI,0.0009
2048,BEL,0.0000
2048,BEN,0.0031
2048,BFA,0.0045
2048,BGD,0.0134
2048,BGR,0.0000
2048,BHR,0.0239
2048,BHS,0.0167
2048,BIH,0.0145
2048,BLR,0.0117
2048,BLZ,0.0121
2048,BOL,0.0091
2048,BRA,0.0030
2048,BRB,0.0246
2048,BRN,0.0064
2048,BTN,0.0163
2048,BWA,0.0191
2048,CAF,0.0008
2048,CAN,0.0000
2048,CHE,0.0000
2048,CHL,0.0000
2048,CHN,0.0000
2048,CIV,0.0078
2048,CMR,0.0016
2048,COD,0.0005
2048,COG,0.0013
2048,COL,0.0000
2048,COM,0.0042
2048,CPV,0.0114
2048,CRI,0.0170
2048,CUB,0.0000
2048,CYP,0.0000
2048,CZE,0.0000
2048,DEU,0.0000
2048,DJI,0.0048
2048,DMA,0.0241
2048,DNK,0.0000
2048,DOM,0.0197
2048,DZA,0.0026
2048,ECU,0.0105
2048,EGY,0.0096
2048,ERI,0.0001
2048,ESP,0.0000
2048,EST,0.0000
2048,ETH,0.0018
2048,FIN,0.0000
2048,FJI,0.0090
2048,FRA,0.0000
2048,FSM,0.0125
2048,GAB,0.0054
2048,GBR,0.0000
2048,GEO,0.0013
2048,GHA,0.0145
2048,GIN,0.0030
2048,GMB,0.0014
2048,GNB,0.0026
2048,GNQ,0.0017
2048,GRC,0.0000
2048,GRD,0.0208
2048,GTM,0.0211
2048,GUY,0.0131
2048,HND,0.0143
2048,HRV,0.0000
2048,HTI,0.0033
2048,HUN,0.0000
2048,IDN,0.0140
2048,IND,0.0126
2048,IRL,0.0000
2048,IRN,0.0034
2048,IRQ,0.0183
2048,ISL,0.0000
2048,ISR,0.0023
2048,ITA,0.0000
2048,JAM,0.0209
2048,JOR,0.0106
2048,JPN,0.0000
2048,KAZ,0.0000
2048,KEN,0.0068
2048,KGZ,0.0109
2048,KHM,0.0054
2048,KIR,0.0094
2048,KNA,0.0243
2048,KOR,0.0000
2048,KOS,0.0179
2048,KWT,0.0176
2048,LAO,0.0065
2048,LBN,0.0167
2048,LBR,0.0037
2048,LBY,0.0101
2048,LCA,0.0274
2048,LKA,0.0066
2048,LSO,0.0140
2048,LTU,0.0000
2048,LUX,0.0000
2048,LVA,0.0000
2048,MAR,0.0010
2048,MDA,0.0137
2048,MDG,0.0049
2048,MDV,0.0132
2048,MEX,0.0000
2048,MHL,0.0137
2048,MKD,0.0025
2048,MLI,0.0048
2048,MLT,0.0000
2048,MMR,0.0055
2048,MNE,0.0068
2048,MNG,0.0161
2048,MOZ,0.0063
2048,MRT,0.0042
2048,MUS,0.0105
2048,MWI,0.0024
2048,MYS,0.0151
2048,NAM,0.0169
2048,NER,0.0023
2048,NGA,0.0017
2048,NIC,0.0124
2048,NLD,0.0000
2048,NOR,0.0000
2048,NPL,0.0056
2048,NZL,0.0000
2048,OMN,0.0213
2048,PAK,0.0007
2048,PAN,0.0000
2048,PER,0.0181
2048,PHL,0.0149
2048,PLW,0.0024
2048,PNG,0.0081
2048,POL,0.0000
2048,PRT,0.0000
2048,PRY,0.0192
2048,QAT,0.0228
2048,ROU,0.0000
2048,RUS,0.0158
2048,RWA,0.0043
2048,SAU,0.0177
2048,SDN,0.0011
2048,SEN,0.0074
2048,SGP,0.0000
2048,SLB,0.0062
2048,SLE,0.0023
2048,SLV,0.0196
2048,SMR,0.0000
2048,SOM,0.0004
2048,SRB,0.0007
2048,SSD,0.0012
2048,STP,0.0044
2048,SUR,0.0207
2048,SVK,0.0000
2048,SVN,0.0000
2048,SWE,0.0000
2048,SWZ,0.0049
2048,SYC,0.0187
2048,SYR,0.0004
2048,TCD,0.0018
2048,TGO,0.0023
2048,THA,0.0005
2048,TJK,0.0023
2048,TKM,0.0012
2048,TLS,0.0149
2048,TON,0.0130
2048,TTO,0.0244
2048,TUN,0.0152
2048,TUR,0.0150
2048,TUV,0.0090
2048,TZA,0.0035
2048,UGA,0.0028
2048,UKR,0.0000
2048,URY,0.0149
2048,USA,0.0000
2048,UZB,0.0034
2048,VCT,0.0256
2048,VNM,0.0005
2048,VUT,0.0154
2048,WSM,0.0123
2048,YEM,0.0012
2048,ZAF,0.0000
2048,ZMB,0.0057
2048,ZWE,0.0013
2049,AFG,0.0029
2049,AGO,0.0054
2049,ALB,0.0066
2049,ARE,0.0221
2049,ARG,0.0000
2049,ARM,0.0166
2049,ATG,0.0243
2049,AUS,0.0000
2049,AUT,0.0000
2049,AZE,0.0051
2049,BDI,0.0009
2049,BEL,0.0000
2049,BEN,0.0037
2049,BFA,0.0043
2049,BGD,0.0118
2049,BGR,0.0000
2049,BHR,0.0220
2049,BHS,0.0160
2049,BIH,0.0148
2049,BLR,0.0114
2049,BLZ,0.0124
2049,BOL,0.0095
2049,BRA,0.0028
2049,BRB,0.0256
2049,BRN,0.0062
2049,BTN,0.0165
2049,BWA,0.0192
2049,CAF,0.0006
2049,CAN,0.0000
2049,CHE,0.0000
2049,CHL,0.0000
2049,CHN,0.0000
2049,CIV,0.0074
2049,CMR,0.0011
2049,COD,0.0004
2049,COG,0.0016
2049,COL,0.0000
2049,COM,0.0039
2049,CPV,0.0117
2049,CRI,0.0150
2049,CUB,0.0000
2049,CYP,0.0000
2049,CZE,0.0000
2049,DEU,0.0000
2049,DJI,0.0053
2049,DMA,0.0236
2049,DNK,0.0000
2049,DOM,0.0196
2049,DZA,0.0021
2049,ECU,0.0109
2049,EGY,0.0092
2049,ERI,0.0002
2049,ESP,0.0000
2049,EST,0.0000
2049,ETH,0.0020
2049,FIN,0.0000
2049,FJI,0.0096
2049,FRA,0.0000
2049,FSM,0.0127
2049,GAB,0.0062
2049,GBR,0.0000
2049,GEO,0.0010
2049,GHA,0.0146
2049,GIN,0.0023
2049,GMB,0.0019
2049,GNB,0.0021
2049,GNQ,0.0013
2049,GRC,0.0000
2049,GRD,0.0216
2049,GTM,0.0219
2049,GUY,0.0146
2049,HND,0.0146
2049,HRV,0.0000
2049,HTI,0.0041
2049,HUN,0.0000
2049,IDN,0.0147
2049,IND,0.0108
2049,IRL,0.0000
2049,IRN,0.0035
2049,IRQ,0.0155
2049,ISL,0.0000
2049,ISR,0.0022
2049,ITA,0.0000
2049,JAM,0.0202
2049,JOR,0.0102
2049,JPN,0.0000
2049,KAZ,0.0000
2049,KEN,0.0075
2049,KGZ,0.0093
2049,KHM,0.0062
2049,KIR,0.0105
2049,KNA,0.0248
2049,KOR,0.0000
2049,KOS,0.0163
2049,KWT,0.0163
2049,LAO,0.0056
2049,LBN,0.0153
2049,LBR,0.0039
2049,LBY,0.0092
2049,LCA,0.0257
2049,LKA,0.0065
2049,LSO,0.0133
2049,LTU,0.0000
2049,LUX,0.0000
2049,LVA,0.0000
2049,MAR,0.0008
2049,MDA,0.0131
2049,MDG,0.0048
2049,MDV,0.0126
2049,MEX,0.0000
2049,MHL,0.0135
2049,MKD,0.0016
2049,MLI,0.0046
2049,MLT,0.0000
2049,MMR,0.0053
2049,MNE,0.0052
2049,MNG,0.0137
2049,MOZ,0.0054
2049,MRT,0.0031
2049,MUS,0.0105
2049,MWI,0.0021
2049,MYS,0.0134
2049,NAM,0.0168
2049,NER,0.0022
2049,NGA,0.0015
2049,NIC,0.0132
2049,NLD,0.0000
2049,NOR,0.0000
2049,NPL,0.0054
2049,NZL,0.0000
2049,OMN,0.0191
2049,PAK,0.0005
2049,PAN,0.0000
2049,PER,0.0183
2049,PHL,0.0151
2049,PLW,0.0019
2049,PNG,0.0088
2049,POL,0.0000
2049,PRT,0.0000
2049,PRY,0.0181
2049,QAT,0.0211
2049,ROU,0.0000
2049,RUS,0.0140
2049,RWA,0.0052
2049,SAU,0.0185
2049,SDN,0.0012
2049,SEN,0.0075
2049,SGP,0.0000
2049,SLB,0.0061
2049,SLE,0.0031
2049,SLV,0.0178
2049,SMR,0.0000
2049,SOM,0.0003
2049,SRB,0.0005
2049,SSD,0.0016
2049,STP,0.0048
2049,SUR,0.0196
2049,SVK,0.0000
2049,SVN,0.0000
2049,SWE,0.0000
2049,SWZ,0.0041
2049,SYC,0.0177
2049,SYR,0.0007
2049,TCD,0.0023
2049,TGO,0.0021
2049,THA,0.0005
2049,TJK,0.0022
2049,TKM,0.0017
2049,TLS,0.0144
2049,TON,0.0126
2049,TTO,0.0239
2049,TUN,0.0135
2049,TUR,0.0140
2049,TUV,0.0097
2049,TZA,0.0035
2049,UGA,0.0027
2049,UKR,0.0000
2049,URY,0.0149
2049,USA,0.0000
2049,UZB,0.0031
2049,VCT,0.0249
2049,VNM,0.0004
2049,VUT,0.0144
2049,WSM,0.0114
2049,YEM,0.0014
2049,ZAF,0.0000
2049,ZMB,0.0058
2049,ZWE,0.0009
2050,AFG,0.0026
2050,AGO,0.0055
2050,ALB,0.0056
2050,ARE,0.0207
2050,ARG,0.0000
2050,ARM,0.0149
2050,ATG,0.0248
2050,AUS,0.0000
2050,AUT,0.0000
2050,AZE,0.0055
2050,BDI,0.0009
2050,BEL,0.0000
2050,BEN,0.0042
2050,BFA,0.0046
2050,BGD,0.0113
2050,BGR,0.0000
2050,BHR,0.0218
2050,BHS,0.0169
2050,BIH,0.0140
2050,BLR,0.0115
2050,BLZ,0.0127
2050,BOL,0.0092
2050,BRA,0.0024
2050,BRB,0.0255
2050,BRN,0.0046
2050,BTN,0.0153
2050,BWA,0.0191
2050,CAF,0.0007
2050,CAN,0.0000
2050,CHE,0.0000
2050,CHL,0.0000
2050,CHN,0.0000
2050,CIV,0.0079
2050,CMR,0.0019
2050,COD,0.0004
2050,COG,0.0014
2050,COL,0.0000
2050,COM,0.0043
2050,CPV,0.0118
2050,CRI,0.0140
2050,CUB,0.0000
2050,CYP,0.0000
2050,CZE,0.0000
2050,DEU,0.0000
2050,DJI,0.0049
2050,DMA,0.0214
2050,DNK,0.0000
2050,DOM,0.0202
2050,DZA,0.0029
2050,ECU,0.0102
2050,EGY,0.0103
2050,ERI,0.0001
2050,ESP,0.0000
2050,EST,0.0000
2050,ETH,0.0022
2050,FIN,0.0000
2050,FJI,0.0092
2050,FRA,0.0000
2050,FSM,0.0124
2050,GAB,0.0065
2050,GBR,0.0000
2050,GEO,0.0012
2050,GHA,0.0134
2050,GIN,0.0024
2050,GMB,0.0016
2050,GNB,0.0025
2050,GNQ,0.0017
2050,GRC,0.0000
2050,GRD,0.0202
2050,GTM,0.0203
2050,GUY,0.0133
2050,HND,0.0139
2050,HRV,0.0000
2050,HTI,0.0034
2050,HUN,0.0000
2050,IDN,0.0131
2050,IND,0.0116
2050,IRL,0.0000
2050,IRN,0.0035
2050,IRQ,0.0175
2050,ISL,0.0000
2050,ISR,0.0023
2050,ITA,0.0000
2050,JAM,0.0186
2050,JOR,0.0096
2050,JPN,0.0000
2050,KAZ,0.0000
2050,KEN,0.0067
2050,KGZ,0.0094
2050,KHM,0.0048
2050,KIR,0.0088
2050,KNA,0.0219
2050,KOR,0.0000
2050,KOS,0.0151
2050,KWT,0.0146
2050,LAO,0.0058
2050,LBN,0.0150
2050,LBR,0.0033
2050,LBY,0.0115
2050,LCA,0.0274
2050,LKA,0.0067
2050,LSO,0.0131
2050,LTU,0.0000
2050,LUX,0.0000
2050,LVA,0.0000
2050,MAR,0.0009
2050,MDA,0.0124
2050,MDG,0.0051
2050,MDV,0.0135
2050,MEX,0.0000
2050,MHL,0.0132
2050,MKD,0.0014
2050,MLI,0.0047
2050,MLT,0.0000
2050,MMR,0.0056
2050,MNE,0.0048
2050,MNG,0.0142
2050,MOZ,0.0060
2050,MRT,0.0037
2050,MUS,0.0077
2050,MWI,0.0022
2050,MYS,0.0130
2050,NAM,0.0151
2050,NER,0.0022
2050,NGA,0.0009
2050,NIC,0.0132
2050,NLD,0.0000
2050,NOR,0.0000
2050,NPL,0.0058
2050,NZL,0.0000
2050,OMN,0.0194
2050,PAK,0.0006
2050,PAN,0.0000
2050,PER,0.0174
2050,PHL,0.0157
2050,PLW,0.0016
2050,PNG,0.0094
2050,POL,0.0000
2050,PRT,0.0000
2050,PRY,0.0178
2050,QAT,0.0219
2050,ROU,0.0000
2050,RUS,0.0127
2050,RWA,0.0049
2050,SAU,0.0177
2050,SDN,0.0011
2050,SEN,0.0069
2050,SGP,0.0000
2050,SLB,0.0053
2050,SLE,0.0035
2050,SLV,0.0198
2050,SMR,0.0000
2050,SOM,0.0006
2050,SRB,0.0004
2050,SSD,0.0021
2050,STP,0.0040
2050,SUR,0.0194
2050,SVK,0.0000
2050,SVN,0.0000
2050,SWE,0.0000
2050,SWZ,0.0041
2050,SYC,0.0176
2050,SYR,0.0004
2050,TCD,0.0014
2050,TGO,0.0026
2050,THA,0.0007
2050,TJK,0.0024
2050,TKM,0.0011
2050,TLS,0.0166
2050,TON,0.0121
2050,TTO,0.0226
2050,TUN,0.0151
2050,TUR,0.0146
2050,TUV,0.0097
2050,TZA,0.0037
2050,UGA,0.0029
2050,UKR,0.0000
2050,URY,0.0140
2050,USA,0.0000
2050,UZB,0.0038
2050,VCT,0.0248
2050,VNM,0.0006
2050,VUT,0.0140
2050,WSM,0.0118
2050,YEM,0.0015
2050,ZAF,0.0000
2050,ZMB,0.0061
2050,ZWE,0.0006
